petId,displayName,some
1,Aaden,
2,Aaliyah,
3,Aarav,
4,Aaron,
5,Ab,
6,Abagail,
7,Abb,
8,Abbey,
9,Abbie,
10,Abbigail,
11,Abbott,
12,Abby,
13,Abdiel,
14,Abdul,
15,Abdullah,
16,Abe,
17,Abel,
18,Abelardo,
19,Abie,
20,Abigail,
21,Abigale,
22,Abigayle,
23,Abner,
24,Abraham,
25,Abram,
26,Abril,
27,Ace,
28,Acey,
29,Achsah,
30,Acie,
31,Acy,
32,Ada,
34,Adah,
36,Adalberto,
38,Adaline,
39,Adalyn,
40,Adalynn,
41,Adam,
42,Adamaris,
43,Adams,
44,Adan,
45,Add,
46,Adda,
47,Addie,
48,Addison,
49,Addisyn,
50,Addyson,
52,Adel,
53,Adela,
54,Adelaide,
55,Adelard,
57,Adelbert,
58,Adele,
60,Adelia,
61,Adelina,
62,Adeline,
63,Adell,
64,Adella,
65,Adelle,
66,Adelyn,
68,Aden,
69,Adilene,
70,Adin,
71,Adina,
72,Adison,
73,Aditya,
74,Adlai,
75,Adline,
76,Admiral,
77,Adolf,
78,Adolfo,
79,Adolph,
80,Adolphus,
81,Adonis,
82,Adrain,
83,Adria,
85,Adrian,
86,Adriana,
87,Adriane,
88,Adrianna,
89,Adrianne,
92,Adriel,
93,Adrien,
94,Adriene,
95,Adrienne,
96,Adron,
97,Adyson,
99,Aedan,
100,Affie,
101,Afton,
102,Agatha,
103,Aggie,
104,Agnes,
105,Agness,
106,Agusta,
107,Agustin,
108,Agustus,
110,Ah,
111,Ahmad,
112,Ahmed,
113,Aida,
116,Aidan,
117,Aiden,
118,Aidyn,
119,Aileen,
121,Ailene,
122,Aili,
123,Aimee,
125,Ainsley,
126,Aisha,
128,Aiyana,
129,Aja,
132,Akeelah,
135,Akeem,
137,Akira,
140,Al,
141,Ala,
144,Alabama,
145,Alaina,
146,Alan,
147,Alana,
148,Alani,
149,Alanna,
150,Alannah,
151,Alanzo,
152,Alayna,
153,Alba,
154,Albert,
155,Alberta,
156,Albertha,
157,Albertina,
158,Albertine,
159,Alberto,
160,Albertus,
161,Albin,
162,Albina,
163,Albion,
164,Alby,
165,Alcee,
166,Alcide,
168,Alcie,
169,Alda,
170,Alden,
171,Aldo,
172,Aldona,
173,Aleah,
174,Alease,
175,Alec,
176,Alecia,
177,Aleck,
178,Aleen,
179,Aleena,
180,Alejandra,
181,Alejandro,
183,Alek,
184,Alena,
185,Alene,
186,Alesha,
187,Alesia,
188,Alessandra,
189,Alessandro,
190,Aleta,
191,Aletha,
193,Alethea,
194,Alex,
195,Alexa,
196,Alexande,
198,Alexander,
199,Alexandr,
201,Alexandra,
202,Alexandre,
203,Alexandrea,
204,Alexandria,
205,Alexandro,
206,Alexia,
207,Alexina,
208,Alexis,
209,Alexus,
210,Alexys,
211,Alexzander,
212,Alf,
213,Alferd,
214,Alfie,
215,Alfonse,
216,Alfonso,
217,Alfonzo,
218,Alford,
219,Alfred,
220,Alfreda,
222,Alfredo,
223,Alger,
224,Algernon,
225,Algie,
227,Algot,
228,Ali,
229,Alia,
230,Aliana,
231,Alice,
232,Alicia,
233,Alida,
234,Alijah,
235,Alina,
236,Aline,
237,Alisa,
238,Alisha,
239,Alison,
240,Alissa,
241,Alisson,
242,Alivia,
243,Aliya,
246,Aliyah,
247,Aliza,
248,Alize,
249,Alla,
250,Allan,
251,Allean,
252,Alleen,
253,Allen,
254,Allena,
255,Allene,
256,Allie,
257,Alline,
258,Allison,
259,Allisson,
260,Ally,
261,Allyn,
262,Allyson,
263,Allyssa,
265,Alma,
266,Almeda,
267,Almedia,
269,Almer,
270,Almeta,
271,Almina,
272,Almira,
273,Almon,
274,Almond,
275,Almus,
276,Almyra,
277,Alois,
278,Aloma,
279,Alondra,
280,Alonso,
281,Alonza,
282,Alonzo,
283,Aloys,
284,Aloysius,
285,Alpha,
287,Alpheus,
288,Alphons,
289,Alphonse,
290,Alphonsine,
291,Alphonso,
292,Alphonsus,
293,Alston,
294,Alta,
295,Altha,
296,Althea,
298,Altie,
299,Alto,
300,Alton,
301,Alva,
302,Alvah,
303,Alvan,
304,Alvaro,
305,Alvena,
306,Alver,
307,Alvera,
308,Alverda,
310,Alverta,
311,Alvia,
312,Alvie,
313,Alvin,
314,Alvina,
315,Alvira,
316,Alvis,
317,Alvy,
318,Alwilda,
319,Alwin,
320,Alwina,
321,Alwine,
322,Alyce,
324,Alycia,
325,Alys,
326,Alysa,
327,Alyse,
328,Alysha,
329,Alysia,
330,Alyson,
331,Alyssa,
332,Alyssia,
333,Alyvia,
334,Alzina,
335,Ama,
336,Amado,
337,Amalia,
338,Amalie,
339,Amanda,
340,Amani,
341,Amara,
342,Amare,
343,Amari,
344,Amarion,
345,Amaris,
346,Amasa,
347,Amaya,
348,Amber,
349,Amberly,
350,Ambers,
351,Ambrose,
352,Amelia,
353,Amelie,
354,America,
355,Americo,
356,Amerigo,
357,Amey,
358,Ami,
359,Amiah,
360,Amie,
361,Amil,
362,Amin,
363,Amina,
364,Amir,
365,Amira,
366,Amirah,
367,Amit,
368,Amiya,
369,Amiyah,
370,Amma,
371,Ammie,
372,Ammon,
373,Amon,
374,Amos,
376,Amparo,
377,Amy,
378,Amya,
379,Ana,
380,Anabel,
381,Anabella,
382,Anabelle,
383,Anahi,
384,Anais,
385,Ananias,
386,Anastacia,
387,Anastacio,
388,Anastasia,
389,Anatole,
390,Anaya,
391,Ancel,
393,Ancil,
405,Anders,
406,Anderson,
407,Andon,
408,Andra,
409,Andrae,
410,Andre,
412,Andrea,
413,Andreas,
414,Andres,
415,Andrew,
416,Andria,
417,Andy,
418,Anfernee,
419,Angel,
420,Angela,
421,Angele,
422,Angeles,
423,Angelia,
424,Angelic,
425,Angelica,
426,Angelina,
427,Angeline,
428,Angelique,
429,Angelita,
430,Angella,
431,Angelo,
432,Angie,
433,Angus,
434,Anibal,
435,Anice,
436,Anie,
437,Anika,
438,Anissa,
440,Anita,
441,Anitra,
442,Aniya,
444,Aniyah,
445,Anjali,
446,Anjanette,
448,Anjelica,
449,Ann,
450,Anna,
451,Annabel,
452,Annabell,
453,Annabella,
454,Annabelle,
455,Annalise,
456,Annamae,
457,Annamarie,
458,Anne,
459,Anneliese,
460,Annemarie,
461,Anner,
464,Annetta,
466,Annette,
467,Annice,
468,Annie,
469,Annika,
470,Annis,
471,Annmarie,
472,Anona,
473,Ansel,
474,Ansley,
475,Anson,
476,Anthoney,
477,Anthony,
478,Antione,
479,Antionette,
480,Antoine,
481,Antoinette,
482,Anton,
484,Antone,
485,Antonetta,
486,Antonette,
487,Antonia,
488,Antonina,
489,Antonio,
490,Antony,
491,Antwain,
492,Antwan,
493,Antwon,
494,Anwar,
495,Anya,
496,April,
497,Ara,
499,Arabella,
500,Araceli,
501,Aracely,
502,Arah,
504,Araminta,
505,Arba,
506,Arbie,
507,Arch,
508,Archer,
509,Archibald,
510,Archie,
511,Ardath,
512,Ardelia,
513,Ardell,
514,Ardella,
515,Ardelle,
516,Arden,
517,Ardeth,
518,Ardis,
519,Ardith,
520,Ardyce,
521,Areli,
522,Arely,
523,Aretha,
524,Argie,
526,Ari,
527,Aria,
528,Ariana,
529,Ariane,
531,Arianna,
532,Aric,
533,Arie,
534,Ariel,
535,Ariella,
536,Arielle,
537,Arietta,
538,Arizona,
539,Arjun,
540,Arkie,
541,Arla,
542,Arlan,
543,Arland,
544,Arleen,
546,Arlen,
547,Arlena,
548,Arlene,
549,Arleth,
550,Arletta,
551,Arley,
552,Arlie,
553,Arlin,
555,Arline,
556,Arlington,
558,Arlis,
562,Arlo,
563,Arly,
564,Arlyn,
567,Arlyne,
568,Arman,
569,Armand,
573,Armando,
574,Armani,
575,Armida,
577,Armin,
579,Arminda,
580,Arminta,
581,Armond,
583,Armstead,
585,Arnav,
586,Arne,
587,Arnett,
588,Arnetta,
589,Arnie,
590,Arno,
592,Arnold,
593,Arnoldo,
594,Arnulfo,
595,Aron,
596,Arra,
597,Arrie,
599,Arron,
600,Arsenio,
602,Art,
605,Arta,
606,Artelia,
608,Arther,
609,Arthor,
610,Arthur,
611,Artie,
612,Artis,
613,Arturo,
615,Arvel,
616,Arvid,
617,Arvil,
618,Arvilla,
619,Arvin,
626,Arvo,
627,Aryan,
628,Aryana,
631,Aryanna,
632,Asa,
633,Asberry,
634,Asbury,
635,Asha,
636,Ashanti,
637,Ashby,
638,Ashely,
639,Asher,
640,Ashlea,
645,Ashlee,
647,Ashleigh,
648,Ashley,
649,Ashli,
650,Ashlie,
653,Ashly,
656,Ashlyn,
661,Ashlynn,
662,Ashton,
663,Ashtyn,
665,Asia,
667,Ason,
668,Aspen,
670,Assunta,
671,Astrid,
673,Atha,
674,Athena,
678,Atlas,
679,Atticus,
680,Attie,
685,Attilio,
688,Aubra,
691,Aubree,
692,Aubrey,
694,Aubrie,
695,Audie,
697,Audley,
698,Audra,
700,Audrey,
703,Audriana,
704,Audrianna,
706,Audrina,
707,Audry,
708,Audy,
709,August,
710,Augusta,
711,Auguste,
714,Augustin,
715,Augustina,
718,Augustine,
719,Augustus,
720,Aura,
722,Aurelia,
724,Aurelio,
725,Aurilla,
726,Aurora,
728,Aurore,
731,Aurthur,
733,Austen,
735,Austin,
736,Auston,
737,Austyn,
741,Auther,
742,Author,
743,Authur,
745,Autry,
747,Autumn,
748,Ava,
750,Avah,
757,Averi,
759,Averie,
760,Avery,
761,Avie,
762,Avis,
764,Avon,
765,Axel,
766,Ayaan,
773,Ayana,
775,Ayanna,
778,Aydan,
779,Ayden,
780,Aydin,
781,Ayesha,
782,Ayla,
783,Aylin,
784,Azalee,
785,Azaria,
786,Azul,
788,Azzie,
790,Babe,
791,Babette,
795,Baby,
798,Babyboy,
799,Bailee,
800,Bailey,
801,Baker,
802,Baldwin,
803,Ballard,
804,Bama,
805,Bambi,
806,Banks,
808,Barb,
809,Barbara,
810,Barbie,
813,Barbra,
818,Barnard,
823,Barnett,
824,Barney,
828,Barnie,
829,Baron,
830,Barrett,
832,Barrie,
833,Barron,
835,Barry,
836,Bart,
837,Bartholomew,
838,Bartley,
839,Barton,
840,Bascom,
841,Basil,
842,Baxter,
848,Bayard,
849,Baylee,
851,Baylie,
852,Bea,
858,Beadie,
861,Beatrice,
866,Beatrix,
867,Beatriz,
869,Beau,
870,Beaulah,
875,Bebe,
876,Beckett,
879,Beckham,
880,Beckie,
881,Becky,
882,Beda,
885,Bedford,
886,Bee,
888,Beecher,
889,Belen,
891,Belia,
892,Belinda,
893,Bell,
896,Bella,
897,Belle,
898,Belton,
899,Belva,
900,Ben,
901,Bena,
902,Benard,
903,Benedict,
904,Benita,
905,Benito,
906,Benjaman,
907,Benjamen,
908,Benjamin,
909,Benjamine,
910,Benji,
911,Benjiman,
912,Benjman,
913,Bennett,
914,Bennie,
915,Benny,
916,Benson,
917,Bentley,
918,Benton,
919,Berdie,
920,Berenice,
921,Berkley,
922,Berlin,
923,Bernadette,
924,Bernadine,
926,Bernard,
927,Bernardine,
928,Bernardo,
929,Berneice,
930,Bernetta,
931,Bernhard,
932,Bernice,
933,Bernie,
934,Berniece,
935,Bernita,
936,Berry,
937,Bert,
938,Berta,
940,Bertha,
941,Bertie,
942,Bertina,
943,Berton,
944,Bertram,
945,Bertrand,
946,Beryl,
947,Bess,
948,Besse,
949,Bessie,
950,Beth,
951,Betha,
952,Bethann,
953,Bethany,
954,Bethel,
955,Bethzy,
956,Betsey,
959,Betsy,
961,Bette,
963,Bettie,
965,Bettina,
968,Betty,
969,Bettye,
970,Bettyjane,
971,Bettylou,
973,Beula,
976,Beulah,
979,Bev,
981,Beverlee,
982,Beverley,
984,Beverly,
986,Beyonce,
987,Bianca,
988,Biddie,
990,Bilal,
991,Bill,
993,Billie,
994,Billy,
996,Billye,
998,Bina,
999,Bird,
1003,Birdella,
1004,Birdie,
1005,Birt,
1006,Birtha,
1007,Birtie,
1008,Bishop,
1009,Bjorn,
1010,Blain,
1011,Blaine,
1012,Blair,
1013,Blaise,
1014,Blake,
1015,Blanca,
1016,Blanch,
1017,Blanchard,
1018,Blanche,
1019,Blanchie,
1020,Blane,
1021,Blas,
1022,Blaze,
1023,Bliss,
1024,Blossom,
1025,Bluford,
1027,Bo,
1028,Bob,
1029,Bobbi,
1030,Bobbie,
1031,Bobby,
1032,Bobbye,
1033,Bode,
1034,Bolden,
1035,Bonita,
1036,Bonnie,
1037,Bonny,
1040,Booker,
1041,Boone,
1042,Boris,
1043,Bose,
1046,Boss,
1047,Boston,
1049,Bowman,
1050,Boyce,
1051,Boyd,
1053,Boysie,
1054,Brad,
1055,Braden,
1056,Bradford,
1057,Bradley,
1059,Bradly,
1060,Brady,
1061,Bradyn,
1064,Braeden,
1066,Braedon,
1068,Braelyn,
1073,Braiden,
1076,Brain,
1077,Branch,
1078,Brandan,
1079,Brande,
1080,Brandee,
1081,Branden,
1082,Brandi,
1083,Brandie,
1084,Brandin,
1085,Brandon,
1086,Brandt,
1088,Brandy,
1089,Brandyn,
1090,Brannon,
1091,Branson,
1092,Brant,
1093,Brantley,
1094,Braulio,
1095,Braxton,
1096,Brayan,
1097,Brayden,
1099,Braydon,
1100,Braylen,
1101,Braylon,
1103,Brea,
1104,Breana,
1105,Breann,
1107,Breanna,
1111,Breanne,
1112,Bree,
1114,Brenda,
1116,Brendan,
1117,Brenden,
1119,Brendon,
1120,Brenna,
1121,Brennan,
1123,Brennen,
1124,Brennon,
1125,Brent,
1126,Brenton,
1127,Breonna,
1128,Bret,
1129,Brett,
1130,Bria,
1131,Brian,
1132,Briana,
1135,Brianda,
1136,Brianna,
1137,Brianne,
1140,Brice,
1144,Bridger,
1147,Bridget,
1148,Bridgett,
1150,Bridgette,
1151,Brielle,
1156,Brien,
1161,Brigette,
1162,Brigid,
1163,Brigitte,
1167,Briley,
1170,Brinda,
1171,Brion,
1172,Brionna,
1173,Brisa,
1175,Britany,
1176,Britney,
1177,Britni,
1178,Britny,
1179,Britt,
1180,Britta,
1183,Brittaney,
1184,Brittani,
1185,Brittanie,
1186,Brittany,
1187,Brittnay,
1188,Brittnee,
1189,Brittney,
1190,Brittni,
1191,Brittnie,
1192,Brittny,
1193,Britton,
1194,Brock,
1196,Broderick,
1197,Brodie,
1198,Brody,
1199,Brogan,
1200,Bronson,
1201,Brook,
1202,Brooke,
1203,Brooklyn,
1204,Brooklynn,
1206,Brooks,
1207,Brown,
1208,Bruce,
1209,Bruno,
1210,Bryan,
1211,Bryana,
1212,Bryanna,
1213,Bryant,
1214,Bryce,
1215,Brycen,
1216,Brylee,
1217,Bryn,
1218,Brynlee,
1219,Brynn,
1220,Bryon,
1221,Bryson,
1222,Bryton,
1223,Buck,
1224,Bud,
1225,Budd,
1226,Buddie,
1227,Buddy,
1228,Buel,
1230,Buelah,
1231,Buell,
1232,Buena,
1233,Buffy,
1234,Buford,
1235,Bula,
1236,Bulah,
1237,Buna,
1238,Bunk,
1240,Burdette,
1241,Buren,
1242,Burgess,
1243,Burk,
1244,Burke,
1245,Burl,
1246,Burleigh,
1247,Burley,
1248,Burnell,
1249,Burnett,
1250,Burney,
1251,Burnice,
1252,Burnie,
1253,Burns,
1254,Burr,
1255,Burrel,
1256,Burrell,
1257,Burt,
1258,Burton,
1259,Bush,
1260,Buster,
1261,Butch,
1262,Butler,
1263,Bynum,
1264,Byrd,
1265,Byrdie,
1266,Byron,
1267,Caddie,
1268,Cade,
1269,Caden,
1270,Cadence,
1271,Cael,
1272,Caesar,
1273,Caiden,
1274,Cailyn,
1275,Cain,
1276,Caitlin,
1277,Caitlyn,
1278,Caitlynn,
1279,Cal,
1280,Caldonia,
1281,Cale,
1282,Caleb,
1283,Caleigh,
1284,Calhoun,
1285,Cali,
1286,Calista,
1287,Calla,
1288,Callie,
1289,Callum,
1290,Calvin,
1291,Cam,
1292,Camden,
1293,Cameron,
1295,Cami,
1296,Camila,
1297,Camilla,
1298,Camille,
1299,Camisha,
1300,Cammie,
1301,Campbell,
1302,Camren,
1303,Camron,
1304,Camryn,
1305,Candace,
1306,Candi,
1307,Candice,
1310,Candida,
1312,Candido,
1318,Candis,
1320,Candy,
1321,Candyce,
1322,Cannie,
1323,Cannon,
1324,Canyon,
1325,Cap,
1326,Capitola,
1327,Cappie,
1328,Caprice,
1329,Captain,
1330,Cara,
1331,Caren,
1332,Carey,
1333,Cari,
1334,Carie,
1335,Carin,
1336,Carina,
1337,Carisa,
1339,Carissa,
1340,Carl,
1341,Carla,
1342,Carlee,
1343,Carleen,
1344,Carleigh,
1345,Carlene,
1346,Carleton,
1347,Carley,
1348,Carli,
1349,Carlie,
1350,Carlisle,
1351,Carlo,
1352,Carlos,
1353,Carlota,
1354,Carlotta,
1355,Carlton,
1356,Carly,
1357,Carlyle,
1358,Carlyn,
1359,Carma,
1361,Carmel,
1363,Carmela,
1365,Carmelita,
1366,Carmella,
1367,Carmelo,
1370,Carmen,
1371,Carmine,
1372,Carnell,
1373,Caro,
1374,Carol,
1375,Carolann,
1376,Carole,
1377,Carolee,
1378,Carolina,
1379,Caroline,
1380,Carolyn,
1381,Carolyne,
1382,Carolynn,
1385,Caron,
1387,Carra,
1388,Carri,
1389,Carrie,
1390,Carrol,
1391,Carroll,
1392,Carry,
1393,Carsen,
1394,Carson,
1395,Carter,
1396,Cary,
1397,Caryl,
1398,Caryn,
1399,Cas,
1401,Casandra,
1405,Case,
1406,Casey,
1407,Cash,
1408,Casie,
1409,Casimer,
1411,Casimir,
1412,Casimiro,
1413,Cason,
1414,Casper,
1415,Cass,
1416,Cassandra,
1417,Cassidy,
1419,Cassie,
1422,Cassius,
1423,Cassondra,
1425,Caswell,
1426,Catalina,
1427,Catharine,
1428,Catherine,
1429,Cathern,
1430,Cathey,
1431,Cathi,
1432,Cathie,
1437,Cathleen,
1438,Cathrine,
1439,Cathryn,
1440,Cathy,
1441,Catina,
1442,Cato,
1445,Catrina,
1446,Cayden,
1447,Cayla,
1449,Caylee,
1453,Ceasar,
1454,Cecelia,
1456,Cecil,
1457,Cecile,
1458,Cecilia,
1459,Cecily,
1460,Cedric,
1461,Cedrick,
1464,Ceil,
1465,Celena,
1466,Celesta,
1468,Celeste,
1473,Celestia,
1474,Celestine,
1475,Celestino,
1476,Celia,
1477,Celie,
1479,Celina,
1480,Celine,
1483,Cena,
1484,Ceola,
1485,Cephus,
1487,Cesar,
1488,Ceylon,
1489,Chace,
1490,Chad,
1493,Chadd,
1495,Chadrick,
1496,Chadwick,
1497,Chaim,
1498,Chaka,
1499,Chalmer,
1500,Chalmers,
1502,Champ,
1503,Chana,
1507,Chance,
1513,Chancey,
1514,Chancy,
1515,Chanda,
1516,Chandler,
1517,Chandra,
1518,Chanel,
1519,Chanelle,
1526,Chaney,
1527,Chanie,
1529,Channie,
1533,Channing,
1537,Chantal,
1541,Chante,
1542,Chantel,
1544,Chantelle,
1545,Charissa,
1546,Charisse,
1547,Charity,
1549,Charla,
1550,Charle,
1551,Charlee,
1552,Charleen,
1554,Charlene,
1556,Charles,
1562,Charley,
1564,Charlie,
1565,Charline,
1566,Charlize,
1569,Charlotta,
1571,Charlotte,
1572,Charlottie,
1573,Charls,
1574,Charlsie,
1580,Charlton,
1581,Charly,
1582,Charmaine,
1583,Charolette,
1584,Chas,
1585,Chase,
1586,Chasity,
1587,Chastity,
1588,Chauncey,
1589,Chauncy,
1590,Chaya,
1591,Chaz,
1592,Che,
1593,Chelsea,
1594,Chelsey,
1596,Chelsi,
1597,Chelsie,
1598,Chelsy,
1599,Cher,
1600,Cherelle,
1601,Cheri,
1602,Cherie,
1603,Cherilyn,
1604,Cherise,
1605,Cherish,
1606,Cherrelle,
1608,Cherri,
1609,Cherrie,
1610,Cherry,
1611,Cherryl,
1612,Cheryl,
1613,Cheryle,
1614,Cheryll,
1615,Chesley,
1616,Chessie,
1617,Chester,
1619,Chestina,
1620,Chet,
1621,Cheyanne,
1623,Cheyenne,
1624,Chimere,
1625,Chin,
1626,China,
1627,Chip,
1629,Chiquita,
1631,Chloe,
1633,Chloie,
1635,Chris,
1639,Chrissie,
1641,Chrissy,
1642,Christ,
1643,Christa,
1644,Christal,
1645,Christeen,
1646,Christel,
1647,Christen,
1648,Christena,
1649,Christene,
1650,Christi,
1652,Christian,
1653,Christiana,
1654,Christie,
1655,Christin,
1656,Christina,
1658,Christine,
1659,Christion,
1660,Christop,
1661,Christoper,
1662,Christopher,
1663,Christy,
1665,Chrystal,
1667,Chuck,
1670,Chyna,
1671,Chynna,
1672,Ciara,
1673,Ciarra,
1674,Cicely,
1675,Cicero,
1676,Cielo,
1677,Ciera,
1678,Cierra,
1679,Ciji,
1680,Cilla,
1681,Cinda,
1682,Cindi,
1683,Cindy,
1684,Cinnamon,
1685,Cinthia,
1686,Citlali,
1687,Citlalli,
1688,Clabe,
1689,Claiborne,
1690,Clair,
1693,Claire,
1694,Clara,
1695,Clarabelle,
1696,Clarance,
1699,Clare,
1701,Clarence,
1702,Claribel,
1703,Clarice,
1704,Clarinda,
1707,Clarine,
1711,Clarisa,
1713,Clarissa,
1717,Clark,
1718,Clarke,
1719,Clarnce,
1721,Classie,
1722,Claud,
1726,Claude,
1727,Claudette,
1729,Claudia,
1730,Claudie,
1731,Claudine,
1732,Claudio,
1733,Claudius,
1734,Claus,
1735,Clay,
1739,Clayton,
1746,Clearence,
1747,Cleave,
1748,Cleda,
1752,Clell,
1753,Clella,
1754,Clem,
1755,Clemence,
1757,Clemens,
1759,Clement,
1760,Clemente,
1762,Clementina,
1767,Clementine,
1769,Clemie,
1770,Clemma,
1771,Clemmie,
1772,Clemon,
1777,Cleo,
1779,Cleola,
1783,Cleon,
1784,Cleone,
1785,Cleora,
1791,Cleta,
1792,Cletus,
1793,Cleva,
1794,Cleve,
1797,Cleveland,
1798,Clevie,
1799,Clide,
1801,Cliff,
1804,Cliffie,
1805,Clifford,
1806,Clifton,
1807,Clint,
1809,Clinton,
1810,Clive,
1812,Cloe,
1816,Clora,
1821,Clotilda,
1824,Clotilde,
1825,Clovis,
1826,Cloyd,
1827,Clyda,
1829,Clyde,
1831,Clydie,
1833,Clytie,
1834,Coby,
1835,Codey,
1836,Codi,
1837,Codie,
1839,Cody,
1840,Coen,
1841,Cohen,
1844,Colbert,
1845,Colby,
1848,Cole,
1855,Coleen,
1856,Coleman,
1857,Coleton,
1858,Coletta,
1859,Colette,
1860,Coley,
1862,Colie,
1863,Colin,
1866,Colleen,
1867,Collette,
1870,Collie,
1873,Collier,
1875,Collin,
1876,Collins,
1881,Collis,
1882,Colon,
1883,Colonel,
1884,Colt,
1885,Colten,
1887,Colter,
1888,Colton,
1889,Columbia,
1891,Columbus,
1892,Colvin,
1893,Commodore,
1894,Con,
1895,Conard,
1897,Concepcion,
1900,Concetta,
1902,Concha,
1904,Conley,
1906,Conner,
1907,Connie,
1909,Connor,
1910,Conor,
1911,Conrad,
1912,Constance,
1913,Constantine,
1914,Consuela,
1916,Consuelo,
1917,Contina,
1918,Conway,
1919,Coolidge,
1920,Cooper,
1921,Cora,
1922,Coraima,
1923,Coral,
1924,Coralie,
1926,Corbett,
1927,Corbin,
1928,Corda,
1929,Cordaro,
1931,Cordelia,
1932,Cordell,
1933,Cordella,
1934,Cordero,
1936,Cordia,
1937,Cordie,
1938,Corean,
1939,Corene,
1940,Coretta,
1941,Corey,
1942,Cori,
1944,Corie,
1945,Corina,
1946,Corine,
1947,Corinna,
1948,Corinne,
1949,Corliss,
1950,Cornel,
1951,Cornelia,
1952,Cornelious,
1953,Cornelius,
1954,Cornell,
1955,Cornie,
1956,Corrie,
1957,Corrina,
1958,Corrine,
1959,Corry,
1960,Cortez,
1961,Cortney,
1962,Corwin,
1963,Cory,
1964,Cosmo,
1965,Coty,
1966,Council,
1967,Courtland,
1968,Courtney,
1969,Coy,
1970,Craig,
1971,Crawford,
1972,Creed,
1973,Creola,
1974,Cressie,
1975,Crete,
1976,Cris,
1977,Crissie,
1978,Crissy,
1979,Crista,
1980,Cristal,
1981,Cristen,
1982,Cristi,
1983,Cristian,
1984,Cristin,
1985,Cristina,
1986,Cristine,
1987,Cristobal,
1990,Cristofer,
1991,Cristopher,
1992,Cristy,
1993,Crockett,
1994,Cruz,
1995,Crysta,
1996,Crystal,
1997,Cuba,
1998,Cullen,
1999,Curley,
2000,Curt,
2001,Curtis,
2002,Curtiss,
2003,Cydney,
2004,Cyndi,
2005,Cyntha,
2006,Cynthia,
2007,Cyril,
2008,Cyrus,
2009,Dabney,
2010,Dafne,
2011,Dagmar,
2012,Dagny,
2013,Dahlia,
2014,Daija,
2015,Daijah,
2016,Daisey,
2017,Daisha,
2018,Daisie,
2019,Daisy,
2020,Daisye,
2021,Daja,
2022,Dakoda,
2023,Dakota,
2024,Dakotah,
2025,Dale,
2026,Dalia,
2027,Dallas,
2028,Dallin,
2032,Dalton,
2033,Dalvin,
2034,Damarcus,
2035,Damari,
2036,Damarion,
2037,Damaris,
2038,Dameon,
2040,Damian,
2041,Damien,
2042,Damion,
2043,Damon,
2044,Damond,
2046,Dan,
2048,Dana,
2050,Danae,
2051,Dandre,
2052,Dane,
2053,Daneen,
2054,Danelle,
2055,Danette,
2056,Dangelo,
2057,Dani,
2058,Dania,
2059,Danial,
2060,Danica,
2064,Daniel,
2065,Daniela,
2066,Daniele,
2067,Daniella,
2068,Danielle,
2069,Danika,
2070,Danita,
2071,Dann,
2072,Danna,
2073,Dannie,
2074,Danniel,
2075,Dannielle,
2076,Danny,
2077,Dante,
2078,Danyel,
2080,Danyell,
2081,Danyelle,
2082,Daphne,
2083,Daquan,
2084,Dara,
2085,Darby,
2087,Darci,
2088,Darcie,
2089,Darcy,
2090,Darell,
2091,Daren,
2092,Daria,
2093,Darian,
2094,Dariana,
2095,Darien,
2096,Darin,
2097,Dario,
2098,Darion,
2099,Darius,
2100,Darl,
2102,Darla,
2103,Darleen,
2104,Darlene,
2105,Darline,
2106,Darlyne,
2107,Darnell,
2108,Darold,
2109,Daron,
2110,Darrel,
2111,Darrell,
2112,Darren,
2114,Darrian,
2115,Darrick,
2116,Darrien,
2117,Darrin,
2118,Darrion,
2119,Darrius,
2120,Darron,
2121,Darry,
2122,Darryl,
2123,Darryle,
2124,Darryll,
2125,Darryn,
2126,Darvin,
2130,Darwin,
2131,Darwyn,
2132,Daryl,
2133,Daryle,
2134,Daryn,
2135,Dashawn,
2136,Dasia,
2137,Daulton,
2138,Daunte,
2139,Davante,
2140,Dave,
2141,Davey,
2142,Davian,
2143,David,
2144,Davie,
2145,Davin,
2146,Davina,
2147,Davion,
2148,Davis,
2149,Davon,
2150,Davonta,
2151,Davonte,
2152,Davy,
2153,Dawn,
2154,Dawna,
2155,Dawne,
2156,Dawson,
2159,Dax,
2160,Daxton,
2161,Dayami,
2162,Dayana,
2163,Dayanara,
2164,Dayle,
2165,Dayna,
2166,Dayne,
2167,Dayse,
2169,Dayton,
2170,Deacon,
2171,Dean,
2172,Deana,
2174,Deandra,
2175,Deandre,
2176,Deane,
2177,Deangelo,
2178,Deann,
2179,Deanna,
2180,Deanne,
2181,Deante,
2182,Deasia,
2183,Deb,
2184,Debbi,
2185,Debbie,
2186,Debbra,
2187,Debby,
2188,Debera,
2190,Debi,
2193,Debora,
2194,Deborah,
2195,Deborrah,
2196,Debra,
2201,Debrah,
2202,Debroah,
2203,Declan,
2204,Dedra,
2205,Dedric,
2206,Dedrick,
2207,Dee,
2208,Deeann,
2210,Deedee,
2211,Deegan,
2212,Deena,
2226,Deetta,
2227,Deforest,
2231,Deidra,
2232,Deidre,
2236,Deion,
2239,Deirdre,
2240,Deja,
2241,Dejah,
2243,Dejon,
2244,Dejuan,
2245,Del,
2247,Delaney,
2248,Delano,
2249,Delbert,
2252,Delcie,
2253,Delfina,
2255,Delia,
2256,Deliah,
2257,Delila,
2259,Delilah,
2260,Delina,
2261,Delinda,
2262,Delisa,
2263,Dell,
2264,Della,
2265,Dellar,
2266,Delle,
2267,Dellia,
2268,Dellie,
2269,Delma,
2271,Delmar,
2272,Delmas,
2273,Delmer,
2275,Delmus,
2278,Delois,
2279,Delora,
2280,Delores,
2281,Deloris,
2282,Delos,
2283,Delpha,
2286,Delphia,
2287,Delphin,
2288,Delphine,
2289,Delsie,
2290,Delta,
2291,Delton,
2292,Delvin,
2294,Delwin,
2295,Dema,
2296,Demarco,
2297,Demarcus,
2298,Demario,
2300,Demarion,
2301,Demetra,
2302,Demetri,
2303,Demetria,
2304,Demetric,
2306,Demetrios,
2307,Demetrius,
2310,Demi,
2311,Demian,
2312,Demond,
2313,Demonte,
2314,Dempsey,
2315,Dena,
2316,Deneen,
2318,Denese,
2320,Denice,
2321,Denine,
2322,Denis,
2323,Denise,
2324,Denisha,
2325,Denisse,
2327,Denita,
2328,Dennie,
2329,Dennis,
2330,Denny,
2331,Denton,
2332,Denver,
2333,Denzel,
2334,Denzell,
2335,Denzil,
2336,Deon,
2337,Deondre,
2338,Deonta,
2339,Deontae,
2340,Deonte,
2342,Dequan,
2344,Derald,
2346,Dereck,
2347,Derek,
2348,Dereon,
2349,Deric,
2350,Derick,
2351,Derik,
2352,Derl,
2353,Deron,
2354,Derrek,
2355,Derrell,
2356,Derrick,
2357,Derwin,
2358,Deryl,
2359,Desean,
2360,Deshaun,
2361,Deshawn,
2362,Desi,
2363,Desirae,
2364,Desiree,
2365,Desmond,
2366,Dessa,
2367,Dessie,
2368,Destany,
2369,Destin,
2370,Destinee,
2371,Destiney,
2372,Destini,
2373,Destiny,
2374,Destry,
2375,Devan,
2376,Devante,
2377,Devaughn,
2378,Deven,
2379,Devin,
2380,Devon,
2381,Devonta,
2382,Devontae,
2383,Devonte,
2384,Devyn,
2385,Deward,
2387,Dewayne,
2388,Dewey,
2389,Dewitt,
2390,Dexter,
2391,Deyanira,
2392,Dezzie,
2393,Diallo,
2394,Diamond,
2395,Dian,
2396,Diana,
2398,Diandra,
2399,Diane,
2400,Diann,
2401,Dianna,
2402,Dianne,
2403,Dicie,
2404,Dick,
2405,Dickie,
2406,Dicy,
2407,Diego,
2408,Dijon,
2409,Dillan,
2410,Dillard,
2411,Dillie,
2412,Dillion,
2413,Dillon,
2414,Dimitri,
2415,Dimitrios,
2416,Dimple,
2417,Dina,
2418,Dinah,
2419,Dink,
2420,Dino,
2421,Dion,
2422,Dione,
2423,Dionicio,
2424,Dionne,
2425,Dionte,
2427,Dirk,
2428,Dixie,
2429,Dixon,
2430,Diya,
2431,Djuana,
2432,Djuna,
2433,Doc,
2435,Docia,
2436,Dock,
2439,Doctor,
2442,Dola,
2443,Doll,
2445,Dollie,
2446,Dolly,
2447,Dollye,
2448,Dolores,
2450,Doloris,
2451,Dolph,
2453,Dolphus,
2454,Domenic,
2455,Domenica,
2456,Domenick,
2457,Domenico,
2458,Dominga,
2459,Domingo,
2460,Dominic,
2462,Dominick,
2463,Dominik,
2465,Dominique,
2467,Dominque,
2468,Domonique,
2469,Don,
2470,Dona,
2471,Donaciano,
2472,Donal,
2473,Donald,
2474,Donat,
2475,Donato,
2476,Donavan,
2477,Donavon,
2478,Dondre,
2481,Donell,
2482,Donia,
2483,Donie,
2485,Donita,
2488,Donn,
2490,Donna,
2491,Donnell,
2492,Donnie,
2493,Donny,
2494,Donovan,
2495,Donta,
2496,Dontae,
2497,Donte,
2498,Dora,
2500,Dorathea,
2501,Dorathy,
2502,Dorcas,
2503,Doreen,
2504,Dorene,
2505,Doretha,
2506,Doretta,
2511,Dori,
2512,Dorian,
2513,Dorinda,
2514,Dorine,
2515,Doris,
2516,Dorla,
2517,Dorman,
2518,Dorotha,
2520,Dorothea,
2521,Dorothy,
2522,Dorr,
2523,Dorris,
2524,Dorsey,
2525,Dortha,
2526,Dorthea,
2527,Dorthey,
2528,Dorthy,
2529,Dosha,
2530,Doshia,
2531,Doshie,
2532,Dosia,
2533,Doss,
2534,Dossie,
2535,Dot,
2537,Dottie,
2538,Dotty,
2539,Doug,
2540,Douglas,
2541,Douglass,
2542,Dove,
2544,Dovie,
2546,Dow,
2548,Doyle,
2549,Dozier,
2550,Drake,
2551,Draven,
2552,Drema,
2553,Drew,
2554,Drucilla,
2555,Drury,
2557,Drusilla,
2558,Duane,
2559,Duard,
2560,Dudley,
2561,Duff,
2563,Duke,
2565,Dulce,
2566,Dulcie,
2567,Duncan,
2568,Durell,
2570,Durrell,
2571,Durward,
2572,Durwood,
2573,Dustan,
2574,Dustin,
2575,Dusty,
2577,Duwayne,
2579,Dwain,
2580,Dwaine,
2581,Dwan,
2582,Dwane,
2583,Dwayne,
2585,Dwight,
2586,Dwyane,
2587,Dyan,
2589,Dylan,
2590,Dyllan,
2593,Dylon,
2594,Ean,
2596,Earl,
2597,Earle,
2598,Earlean,
2599,Earlene,
2600,Earley,
2605,Earlie,
2606,Earline,
2607,Early,
2609,Earnest,
2611,Earnestine,
2612,Eartha,
2613,Easter,
2614,Easton,
2615,Eathel,
2616,Ebb,
2617,Ebba,
2618,Ebbie,
2620,Eben,
2622,Ebenezer,
2623,Eber,
2624,Ebert,
2625,Eboni,
2628,Ebony,
2629,Echo,
2630,Ed,
2632,Eda,
2633,Edd,
2634,Eddie,
2639,Eddy,
2640,Eden,
2641,Edgar,
2642,Edgardo,
2643,Edie,
2644,Edison,
2648,Edith,
2651,Edla,
2652,Edmon,
2654,Edmond,
2655,Edmonia,
2656,Edmund,
2657,Edna,
2659,Ednah,
2660,Edra,
2661,Edrie,
2662,Edris,
2664,Edsel,
2665,Edson,
2668,Eduardo,
2669,Edw,
2670,Edward,
2671,Edwardo,
2672,Edwin,
2674,Edwina,
2676,Edyth,
2677,Edythe,
2681,Effa,
2682,Effie,
2683,Efrain,
2686,Efrem,
2687,Efren,
2688,Egbert,
2690,Eileen,
2691,Einar,
2692,Eino,
2693,Eithel,
2694,Ela,
2695,Elaina,
2696,Elaine,
2697,Elam,
2698,Elana,
2699,Elayne,
2700,Elba,
2701,Elbert,
2702,Elberta,
2706,Elbridge,
2707,Elby,
2708,Elda,
2709,Elden,
2710,Elder,
2712,Eldon,
2713,Eldora,
2716,Eldred,
2717,Eldridge,
2718,Eleanor,
2719,Eleanora,
2720,Eleanore,
2722,Elease,
2723,Electa,
2724,Elena,
2725,Eleni,
2726,Elenor,
2727,Elenora,
2728,Elenore,
2729,Eleonora,
2730,Eleonore,
2731,Elex,
2732,Elfie,
2733,Elfreda,
2734,Elfrieda,
2735,Elgie,
2736,Elgin,
2737,Eli,
2738,Elia,
2739,Elian,
2740,Eliana,
2741,Elianna,
2742,Elias,
2743,Elick,
2744,Elida,
2745,Elie,
2746,Eliezer,
2747,Eliga,
2748,Eligah,
2749,Elige,
2750,Elihu,
2751,Elijah,
2752,Elinor,
2754,Elinore,
2757,Eliot,
2759,Elisa,
2761,Elisabeth,
2762,Elise,
2763,Eliseo,
2764,Elisha,
2765,Elissa,
2766,Eliza,
2769,Elizabet,
2770,Elizabeth,
2771,Elizah,
2772,Elizbeth,
2774,Elizebeth,
2775,Ell,
2779,Ella,
2782,Ellamae,
2784,Ellar,
2786,Elle,
2787,Ellen,
2788,Eller,
2789,Ellery,
2790,Elliana,
2791,Ellie,
2792,Elliot,
2793,Elliott,
2794,Ellis,
2795,Ellison,
2796,Ellsworth,
2797,Ellwood,
2798,Ellyn,
2799,Elma,
2800,Elmer,
2801,Elmina,
2802,Elmira,
2803,Elmire,
2804,Elmo,
2805,Elmore,
2806,Elmyra,
2807,Elna,
2808,Elnora,
2810,Elodie,
2812,Elois,
2813,Eloisa,
2815,Eloise,
2816,Elon,
2817,Elonzo,
2818,Elouise,
2819,Eloy,
2820,Elroy,
2822,Elsa,
2824,Else,
2826,Elsie,
2827,Elsworth,
2828,Elta,
2829,Elton,
2835,Elva,
2836,Elvera,
2837,Elvia,
2839,Elvie,
2840,Elvin,
2841,Elvina,
2843,Elvira,
2844,Elvis,
2846,Elwanda,
2847,Elwin,
2848,Elwood,
2851,Elwyn,
2852,Ely,
2856,Elyse,
2857,Elyssa,
2858,Elza,
2859,Elzada,
2860,Elzie,
2861,Elzy,
2862,Ema,
2863,Emaline,
2865,Emanuel,
2866,Emelia,
2867,Emelie,
2868,Emeline,
2870,Emely,
2871,Emerald,
2872,Emerson,
2874,Emery,
2875,Emett,
2876,Emil,
2877,Emile,
2878,Emilee,
2879,Emilia,
2880,Emiliano,
2881,Emilie,
2882,Emilio,
2883,Emily,
2884,Emit,
2885,Emma,
2886,Emmalee,
2887,Emmaline,
2888,Emmanuel,
2889,Emmer,
2890,Emmet,
2891,Emmett,
2892,Emmie,
2893,Emmit,
2894,Emmitt,
2896,Emmons,
2897,Emmy,
2898,Emogene,
2899,Emory,
2900,Emry,
2901,Ena,
2902,Encarnacion,
2903,Enid,
2905,Ennis,
2906,Enoch,
2907,Enola,
2908,Enos,
2912,Enrico,
2915,Enrique,
2916,Enriqueta,
2917,Enzo,
2918,Eola,
2919,Ephraim,
2921,Ephram,
2922,Ephriam,
2924,Epifanio,
2925,Eppie,
2926,Epsie,
2927,Era,
2928,Erasmo,
2929,Erasmus,
2930,Erastus,
2931,Erby,
2932,Eric,
2935,Erica,
2936,Erich,
2937,Erick,
2939,Ericka,
2940,Erie,
2941,Erik,
2942,Erika,
2943,Erin,
2944,Eris,
2946,Erla,
2947,Erland,
2948,Erle,
2949,Erlene,
2950,Erlinda,
2951,Erline,
2952,Erling,
2953,Erma,
2956,Ermina,
2959,Ermine,
2961,Erna,
2962,Ernest,
2964,Ernestina,
2965,Ernestine,
2966,Ernesto,
2967,Ernie,
2968,Ernst,
2969,Errol,
2970,Ervin,
2971,Erving,
2972,Erwin,
2973,Erykah,
2974,Eryn,
2975,Esau,
2976,Esco,
2977,Esequiel,
2978,Esker,
2979,Esley,
2982,Esmeralda,
2983,Esperanza,
2984,Essa,
2985,Essence,
2986,Essex,
2987,Essie,
2988,Esta,
2989,Esteban,
2990,Estefani,
2991,Estefania,
2992,Estefany,
2993,Estel,
2995,Estela,
2996,Estell,
2997,Estella,
3000,Estelle,
3002,Ester,
3003,Estes,
3004,Estevan,
3005,Esther,
3006,Estie,
3007,Estill,
3008,Eston,
3010,Estrella,
3011,Etha,
3013,Ethan,
3014,Ethel,
3015,Ethelbert,
3016,Ethelene,
3017,Ethelyn,
3018,Ethen,
3019,Ether,
3020,Ethie,
3021,Ethyl,
3022,Ethyle,
3024,Etna,
3028,Etta,
3029,Etter,
3030,Ettie,
3031,Eudora,
3032,Eugene,
3033,Eugenia,
3034,Eugenie,
3035,Eugenio,
3036,Eula,
3037,Eulah,
3038,Eulalia,
3039,Eulalie,
3040,Euna,
3041,Eunice,
3042,Euphemia,
3043,Eura,
3044,Eusebio,
3045,Eustace,
3046,Eva,
3048,Evalena,
3051,Evaline,
3052,Evalyn,
3053,Evan,
3054,Evander,
3055,Evangelina,
3056,Evangeline,
3057,Evans,
3060,Eve,
3061,Evelena,
3062,Evelin,
3063,Evelina,
3064,Eveline,
3066,Evelyn,
3067,Evelyne,
3068,Ever,
3070,Everet,
3071,Everett,
3072,Everette,
3073,Evert,
3074,Evertt,
3075,Evette,
3076,Evia,
3077,Evie,
3078,Evita,
3079,Evon,
3081,Evonne,
3082,Ewald,
3083,Ewart,
3086,Ewell,
3087,Ewin,
3088,Ewing,
3089,Exa,
3090,Exie,
3091,Ezekiel,
3093,Ezell,
3094,Ezequiel,
3095,Ezra,
3096,Ezzard,
3097,Fabian,
3098,Fabiola,
3099,Fae,
3100,Fairy,
3101,Faith,
3102,Fallon,
3103,Falon,
3104,Fannie,
3105,Fanny,
3106,Fannye,
3107,Farah,
3108,Faron,
3109,Farrah,
3111,Farrell,
3112,Farris,
3113,Fate,
3114,Fatima,
3115,Faustino,
3117,Fawn,
3120,Fay,
3125,Faye,
3127,Fayette,
3129,Fed,
3130,Federico,
3132,Felecia,
3134,Felice,
3135,Felicia,
3138,Felicie,
3141,Felicitas,
3142,Felicity,
3143,Felipa,
3145,Felipe,
3146,Felisha,
3147,Felix,
3148,Felton,
3150,Fenton,
3152,Ferd,
3153,Ferdinand,
3155,Ferman,
3156,Fern,
3157,Fernand,
3158,Fernanda,
3159,Fernando,
3160,Ferne,
3161,Ferrell,
3162,Ferris,
3163,Festus,
3165,Fidel,
3167,Fidelia,
3168,Fidencio,
3169,Fielding,
3171,Filomena,
3173,Finis,
3174,Finley,
3175,Finn,
3176,Finnegan,
3177,Fiona,
3178,Firman,
3179,Fisher,
3181,Fitzgerald,
3182,Fitzhugh,
3183,Flavia,
3185,Fleda,
3186,Fleet,
3189,Fleeta,
3190,Flem,
3192,Fleming,
3194,Fleta,
3196,Fletcher,
3197,Flint,
3198,Flo,
3200,Flonnie,
3201,Flor,
3203,Flora,
3204,Florance,
3206,Florence,
3208,Florencio,
3210,Florene,
3211,Florentino,
3213,Floretta,
3214,Florian,
3217,Florida,
3219,Florie,
3221,Florine,
3223,Florrie,
3224,Flossie,
3225,Floy,
3230,Floyd,
3235,Foch,
3238,Fonda,
3240,Ford,
3241,Forest,
3243,Forrest,
3244,Foster,
3246,Fount,
3247,Foy,
3248,Fran,
3249,Franc,
3250,Frances,
3251,Francesca,
3252,Francesco,
3253,Francies,
3254,Francina,
3255,Francine,
3256,Francis,
3257,Francisca,
3258,Francisco,
3259,Francisqui,
3260,Franco,
3261,Frank,
3262,Frankie,
3263,Franklin,
3264,Franklyn,
3265,Franz,
3266,Frazier,
3267,Fred,
3268,Freda,
3269,Freddie,
3270,Freddy,
3271,Frederic,
3272,Frederica,
3273,Frederick,
3274,Fredericka,
3275,Fredie,
3276,Fredric,
3280,Fredrick,
3281,Fredy,
3283,Freeda,
3284,Freeman,
3285,Freida,
3286,Fremont,
3287,French,
3289,Frida,
3294,Frieda,
3295,Friend,
3296,Fritz,
3298,Frona,
3299,Fronia,
3300,Fronie,
3301,Fronnie,
3302,Fuller,
3303,Fulton,
3306,Fumiko,
3307,Furman,
3308,Gabe,
3310,Gabriel,
3313,Gabriela,
3315,Gabriella,
3316,Gabrielle,
3317,Gael,
3323,Gaetano,
3324,Gage,
3325,Gaige,
3326,Gail,
3327,Gaines,
3328,Gaither,
3329,Gale,
3330,Galen,
3331,Galilea,
3334,Gannon,
3338,Gardner,
3341,Garett,
3342,Garey,
3344,Garfield,
3345,Garland,
3347,Garner,
3350,Garnet,
3353,Garnett,
3354,Garold,
3355,Garret,
3357,Garrett,
3358,Garrick,
3359,Garrison,
3360,Garry,
3361,Garth,
3362,Garvin,
3363,Gary,
3364,Gasper,
3365,Gaston,
3368,Gauge,
3370,Gaven,
3372,Gavin,
3374,Gavyn,
3378,Gay,
3379,Gaye,
3384,Gayla,
3385,Gayle,
3386,Gaylen,
3387,Gaylene,
3388,Gaylon,
3389,Gaylord,
3390,Gaynell,
3391,Gearld,
3392,Gearldine,
3393,Geary,
3394,Gee,
3395,Gemma,
3396,Gena,
3397,Genaro,
3398,Gene,
3400,General,
3401,Genesis,
3402,Geneva,
3403,Genevieve,
3404,Genevra,
3405,Genie,
3406,Gennaro,
3408,Gennie,
3409,Geno,
3410,Genoveva,
3412,Geo,
3414,Geoff,
3415,Geoffrey,
3417,Georganna,
3418,George,
3420,Georgeann,
3421,Georgeanna,
3422,Georgene,
3423,Georgetta,
3424,Georgette,
3425,Georgia,
3426,Georgiana,
3428,Georgiann,
3429,Georgianna,
3430,Georgie,
3431,Georgina,
3432,Georgine,
3433,Geovanni,
3434,Gerald,
3435,Geraldine,
3436,Geraldo,
3438,Geralyn,
3439,Gerard,
3440,Gerardo,
3441,Gerda,
3442,Gerhard,
3444,Gerhardt,
3445,Geri,
3446,Germaine,
3447,German,
3448,Gerold,
3449,Gerri,
3450,Gerrit,
3451,Gerry,
3452,Gertha,
3453,Gertie,
3454,Gertrude,
3455,Gia,
3456,Giada,
3459,Giana,
3461,Giancarlo,
3462,Gianna,
3466,Gianni,
3467,Gibson,
3468,Gideon,
3469,Gidget,
3470,Gifford,
3471,Gigi,
3473,Gil,
3474,Gilbert,
3475,Gilberto,
3476,Gilda,
3477,Giles,
3478,Gilford,
3479,Gillian,
3480,Gillie,
3481,Gilman,
3483,Gilmer,
3484,Gilmore,
3489,Gina,
3492,Ginger,
3494,Ginny,
3496,Gino,
3497,Giovani,
3498,Giovanna,
3499,Giovanni,
3500,Giovanny,
3501,Girtha,
3502,Gisele,
3503,Giselle,
3504,Gisselle,
3505,Giuliana,
3506,Giuseppe,
3507,Gladis,
3508,Gladstone,
3510,Gladyce,
3511,Gladys,
3512,Glen,
3513,Glenda,
3514,Glendon,
3515,Glendora,
3516,Glenn,
3519,Glenna,
3521,Glennie,
3524,Glennis,
3525,Glenwood,
3526,Glinda,
3527,Gloria,
3528,Glover,
3529,Glynda,
3531,Glynis,
3534,Glynn,
3535,Godfrey,
3536,Goebel,
3537,Golda,
3538,Golden,
3539,Goldia,
3543,Goldie,
3544,Gonzalo,
3545,Gorden,
3546,Gordon,
3548,Gorge,
3549,Gottlieb,
3550,Governor,
3551,Grace,
3552,Gracelyn,
3553,Gracia,
3554,Gracie,
3555,Graciela,
3556,Grady,
3557,Grafton,
3559,Graham,
3563,Grant,
3564,Granville,
3565,Graves,
3566,Gray,
3567,Grayce,
3568,Graydon,
3569,Grayling,
3571,Grayson,
3572,Grecia,
3573,Green,
3574,Greene,
3576,Greg,
3577,Gregg,
3578,Greggory,
3580,Gregoria,
3581,Gregorio,
3584,Gregory,
3586,Greta,
3587,Gretchen,
3590,Gretta,
3591,Greyson,
3592,Griffin,
3593,Griffith,
3594,Grisel,
3596,Griselda,
3597,Grove,
3598,Grover,
3599,Guadalupe,
3604,Guido,
3606,Guilford,
3608,Guillermo,
3609,Gunda,
3614,Gunnar,
3615,Gunner,
3616,Gurney,
3617,Gus,
3618,Guss,
3619,Gussie,
3622,Gust,
3623,Gusta,
3624,Gustaf,
3625,Gustav,
3626,Gustave,
3627,Gustavo,
3628,Gustavus,
3629,Gustie,
3632,Guthrie,
3633,Guy,
3634,Gwen,
3635,Gwenda,
3637,Gwendolyn,
3638,Gwyn,
3639,Gwyneth,
3640,Hadassah,
3641,Haden,
3643,Hadley,
3646,Haiden,
3648,Hailee,
3649,Hailey,
3652,Hailie,
3653,Hakeem,
3654,Hakim,
3655,Hal,
3658,Halbert,
3660,Hale,
3661,Haleigh,
3662,Haley,
3663,Hali,
3664,Halie,
3667,Hall,
3668,Halle,
3669,Halley,
3671,Hallie,
3672,Halsey,
3673,Ham,
3674,Hamilton,
3675,Hamp,
3676,Hampton,
3677,Hamza,
3678,Hana,
3679,Handy,
3680,Hank,
3681,Hanna,
3682,Hannah,
3683,Hans,
3684,Hansel,
3685,Hansford,
3686,Hanson,
3687,Harden,
3688,Hardie,
3689,Hardin,
3690,Harding,
3691,Hardy,
3692,Harl,
3693,Harlan,
3694,Harland,
3695,Harlen,
3696,Harlene,
3697,Harley,
3698,Harlie,
3699,Harlon,
3700,Harlow,
3701,Harm,
3702,Harman,
3703,Harmon,
3704,Harmony,
3705,Harold,
3706,Harper,
3707,Harrell,
3708,Harrie,
3709,Harriet,
3710,Harriett,
3711,Harriette,
3712,Harris,
3713,Harrison,
3714,Harrold,
3715,Harry,
3716,Hart,
3717,Hartley,
3719,Hartwell,
3720,Haruko,
3723,Harve,
3724,Harvey,
3725,Harvie,
3726,Harvy,
3727,Hasan,
3728,Hasel,
3729,Haskell,
3730,Hassan,
3731,Hassie,
3732,Hattie,
3733,Haven,
3735,Hayden,
3736,Hayes,
3737,Haylee,
3738,Hayleigh,
3739,Hayley,
3740,Haylie,
3741,Hays,
3742,Hayward,
3743,Haywood,
3744,Hazel,
3745,Hazelle,
3746,Hazen,
3747,Hazle,
3751,Heath,
3752,Heather,
3753,Heaven,
3754,Heber,
3755,Hebert,
3756,Hector,
3758,Hedwig,
3760,Hedy,
3761,Heidi,
3763,Heidy,
3764,Helaine,
3765,Helen,
3766,Helena,
3767,Helene,
3768,Helga,
3769,Hellen,
3770,Helma,
3771,Helmer,
3773,Helyn,
3774,Hence,
3783,Henderson,
3784,Henery,
3785,Hennie,
3786,Henretta,
3787,Henri,
3788,Henrietta,
3789,Henriette,
3790,Henry,
3791,Herb,
3792,Herbert,
3793,Heriberto,
3794,Herlinda,
3795,Herma,
3797,Herman,
3798,Hermann,
3799,Hermina,
3801,Hermine,
3802,Herminia,
3806,Hermon,
3807,Hernan,
3808,Herschel,
3809,Hershel,
3810,Hershell,
3811,Hertha,
3812,Hervey,
3813,Hessie,
3814,Hester,
3816,Hettie,
3819,Hetty,
3821,Heyward,
3822,Hezekiah,
3823,Hezzie,
3824,Hideo,
3825,Hilah,
3826,Hilario,
3827,Hilary,
3830,Hilbert,
3831,Hilda,
3832,Hildegard,
3833,Hildegarde,
3834,Hildred,
3835,Hildur,
3836,Hill,
3837,Hillard,
3838,Hillary,
3839,Hillery,
3840,Hilliard,
3841,Hilma,
3843,Hilmer,
3844,Hilton,
3845,Hiram,
3846,Hiroshi,
3847,Hjalmar,
3849,Hjalmer,
3851,Hobart,
3852,Hobert,
3855,Hobson,
3857,Hoke,
3858,Holden,
3859,Holland,
3861,Holli,
3862,Hollie,
3863,Hollis,
3864,Holly,
3865,Holmes,
3868,Homer,
3869,Honora,
3870,Hoover,
3871,Hope,
3872,Horace,
3873,Horacio,
3877,Horatio,
3879,Hortencia,
3882,Hortense,
3884,Hortensia,
3888,Horton,
3889,Hosea,
3893,Hosie,
3894,Hosteen,
3895,Houston,
3896,Howard,
3897,Howell,
3898,Hoy,
3899,Hoyt,
3900,Hubbard,
3901,Hubert,
3906,Hudson,
3908,Huey,
3909,Hugh,
3910,Hughes,
3911,Hughey,
3912,Hughie,
3914,Hugo,
3915,Hulda,
3916,Huldah,
3917,Humberto,
3918,Humphrey,
3919,Hung,
3920,Hunt,
3922,Hunter,
3925,Hurbert,
3926,Hurley,
3927,Huston,
3928,Huy,
3929,Hyman,
3930,Hymen,
3932,Hyrum,
3933,Ian,
3937,Ibrahim,
3938,Ica,
3939,Icey,
3940,Icie,
3941,Icy,
3942,Ida,
3943,Idabelle,
3945,Idamae,
3946,Idell,
3947,Idella,
3948,Iesha,
3949,Ieshia,
3950,Ignacio,
3951,Ignatius,
3952,Ignatz,
3953,Ike,
3955,Ila,
3957,Ilah,
3958,Ilda,
3959,Ilene,
3962,Iliana,
3963,Illa,
3964,Illya,
3965,Ilma,
3966,Ilo,
3967,Ilona,
3968,Ima,
3969,Imani,
3971,Imanol,
3972,Imelda,
3973,Immanuel,
3974,Imo,
3977,Imogene,
3978,Ina,
3979,India,
3980,Indiana,
3981,Inell,
3983,Ines,
3984,Inez,
3985,Infant,
3986,Inga,
3987,Ingeborg,
3988,Inger,
3989,Ingram,
3990,Ingrid,
3991,Iola,
3992,Iona,
3993,Ione,
3994,Ira,
3996,Ireland,
3997,Irena,
3998,Irene,
3999,Iridian,
4000,Irine,
4002,Iris,
4003,Irl,
4005,Irma,
4006,Irva,
4007,Irven,
4008,Irvin,
4009,Irvine,
4010,Irving,
4011,Irwin,
4012,Isa,
4014,Isaac,
4015,Isaak,
4016,Isabel,
4017,Isabela,
4018,Isabell,
4019,Isabella,
4020,Isabelle,
4021,Isadora,
4022,Isadore,
4023,Isai,
4024,Isaiah,
4025,Isaias,
4027,Isam,
4029,Isamar,
4030,Ishaan,
4031,Isham,
4032,Ishmael,
4033,Isiah,
4034,Isidor,
4035,Isidore,
4036,Isidro,
4037,Isis,
4039,Isla,
4040,Ismael,
4041,Isobel,
4042,Isom,
4043,Israel,
4046,Isreal,
4047,Issac,
4051,Itzel,
4052,Iva,
4053,Ivah,
4054,Ivan,
4055,Ivana,
4056,Iver,
4061,Iverson,
4062,Ivette,
4063,Ivey,
4064,Ivie,
4065,Ivonne,
4066,Ivor,
4067,Ivory,
4068,Ivy,
4069,Iyana,
4074,Iyanna,
4077,Iza,
4078,Izabella,
4079,Izabelle,
4080,Izaiah,
4081,Izayah,
4082,Izetta,
4083,Izola,
4084,Izora,
4085,Jabari,
4086,Jabbar,
4089,Jabez,
4090,Jacalyn,
4091,Jace,
4092,Jacey,
4093,Jack,
4102,Jackeline,
4103,Jacki,
4104,Jackie,
4105,Jacklyn,
4109,Jackson,
4110,Jacky,
4111,Jaclyn,
4113,Jacob,
4115,Jacoby,
4116,Jacque,
4117,Jacquelin,
4121,Jacqueline,
4123,Jacquelyn,
4124,Jacquelynn,
4125,Jacques,
4126,Jacquez,
4127,Jacquline,
4128,Jacqulyn,
4129,Jada,
4130,Jade,
4131,Jaden,
4132,Jadiel,
4133,Jadon,
4135,Jadyn,
4138,Jaeda,
4139,Jaeden,
4141,Jaelyn,
4142,Jaelynn,
4143,Jagger,
4144,Jaheem,
4146,Jaheim,
4147,Jahiem,
4148,Jahir,
4149,Jaida,
4152,Jaiden,
4153,Jaidyn,
4154,Jailene,
4155,Jailyn,
4156,Jaime,
4157,Jaimee,
4158,Jaimie,
4159,Jair,
4160,Jairo,
4161,Jajuan,
4164,Jakayla,
4166,Jake,
4167,Jakob,
4168,Jakobe,
4171,Jaleel,
4174,Jaleesa,
4175,Jalen,
4178,Jalisa,
4180,Jalissa,
4181,Jaliyah,
4184,Jalon,
4187,Jalyn,
4189,Jalynn,
4190,Jamaal,
4191,Jamal,
4193,Jamar,
4194,Jamarcus,
4195,Jamari,
4197,Jamarion,
4198,Jame,
4200,Jameel,
4202,Jamel,
4203,James,
4204,Jameson,
4205,Jamey,
4207,Jami,
4210,Jamie,
4211,Jamil,
4212,Jamila,
4214,Jamin,
4215,Jamir,
4217,Jamison,
4218,Jamiya,
4219,Jammie,
4220,Jamya,
4221,Jan,
4223,Jana,
4224,Janae,
4225,Janay,
4226,Jane,
4228,Janeen,
4229,Janel,
4231,Janell,
4232,Janelle,
4233,Janene,
4234,Janessa,
4235,Janet,
4236,Janette,
4237,Janey,
4238,Janiah,
4239,Janice,
4240,Janie,
4241,Janine,
4242,Janis,
4243,Janiya,
4246,Janiyah,
4247,Jann,
4248,Janna,
4251,Jannette,
4252,Jannie,
4254,January,
4255,Janyce,
4256,Jaquan,
4259,Jaquelin,
4260,Jaqueline,
4262,Jaquez,
4263,Jarad,
4265,Jared,
4267,Jaren,
4268,Jaret,
4270,Jarett,
4273,Jarod,
4275,Jaron,
4276,Jarrad,
4278,Jarred,
4280,Jarrell,
4282,Jarret,
4284,Jarrett,
4285,Jarrod,
4289,Jarvis,
4290,Jase,
4291,Jasen,
4292,Jasiah,
4293,Jaslene,
4294,Jaslyn,
4296,Jasmin,
4297,Jasmine,
4298,Jasmyn,
4299,Jasmyne,
4300,Jason,
4304,Jasper,
4305,Jaunita,
4306,Javen,
4307,Javier,
4308,Javion,
4310,Javon,
4312,Javonte,
4313,Jax,
4316,Jaxon,
4317,Jaxson,
4321,Jay,
4322,Jayce,
4323,Jaycee,
4325,Jaycie,
4326,Jayda,
4327,Jaydan,
4329,Jayde,
4333,Jayden,
4334,Jaydin,
4337,Jaydon,
4338,Jaye,
4339,Jayla,
4340,Jaylah,
4342,Jaylan,
4343,Jaylee,
4344,Jayleen,
4345,Jaylen,
4347,Jaylene,
4349,Jaylin,
4350,Jaylon,
4351,Jaylyn,
4353,Jaylynn,
4354,Jayme,
4355,Jaymes,
4356,Jayne,
4357,Jayson,
4359,Jayvion,
4361,Jayvon,
4366,Jazlene,
4367,Jazlyn,
4368,Jazlynn,
4369,Jazmin,
4370,Jazmine,
4371,Jazmyn,
4372,Jazmyne,
4373,Jean,
4374,Jeana,
4378,Jeane,
4380,Jeanetta,
4381,Jeanette,
4383,Jeanie,
4384,Jeanine,
4386,Jeanmarie,
4387,Jeanna,
4388,Jeanne,
4389,Jeannette,
4390,Jeannie,
4392,Jeannine,
4393,Jeb,
4394,Jed,
4395,Jedediah,
4396,Jedidiah,
4397,Jeff,
4399,Jefferey,
4402,Jefferson,
4403,Jeffery,
4404,Jeffie,
4406,Jeffrey,
4407,Jeffry,
4408,Jelani,
4409,Jemal,
4410,Jemima,
4412,Jena,
4419,Jenelle,
4420,Jenifer,
4422,Jenilee,
4424,Jenna,
4426,Jennette,
4427,Jenni,
4428,Jennie,
4429,Jennifer,
4432,Jenniffer,
4433,Jennings,
4434,Jenny,
4436,Jens,
4437,Jensen,
4438,Jep,
4439,Jeptha,
4440,Jerad,
4441,Jerald,
4442,Jeraldine,
4443,Jeramiah,
4444,Jeramie,
4445,Jeramy,
4446,Jere,
4447,Jered,
4448,Jerel,
4449,Jereme,
4450,Jeremey,
4451,Jeremiah,
4452,Jeremie,
4453,Jeremy,
4454,Jeri,
4458,Jerica,
4459,Jerilyn,
4462,Jerilynn,
4463,Jerimiah,
4464,Jerimy,
4465,Jermain,
4466,Jermaine,
4467,Jermey,
4470,Jerod,
4471,Jerold,
4473,Jerome,
4474,Jeromy,
4475,Jerrad,
4476,Jerrel,
4477,Jerrell,
4478,Jerri,
4480,Jerrica,
4482,Jerrie,
4483,Jerrilyn,
4484,Jerrod,
4487,Jerrold,
4488,Jerry,
4489,Jerusha,
4490,Jeryl,
4492,Jesenia,
4495,Jesica,
4496,Jess,
4497,Jesse,
4498,Jessee,
4499,Jessenia,
4500,Jessi,
4502,Jessica,
4504,Jessie,
4505,Jessika,
4506,Jessy,
4508,Jessye,
4509,Jesus,
4511,Jethro,
4516,Jett,
4517,Jetta,
4518,Jettie,
4519,Jevon,
4520,Jewel,
4521,Jewell,
4522,Jiles,
4523,Jill,
4524,Jillian,
4526,Jim,
4527,Jimena,
4529,Jimmie,
4531,Jimmy,
4533,Jinnie,
4534,Jo,
4535,Joan,
4537,Joana,
4541,Joanie,
4544,Joann,
4545,Joanna,
4546,Joanne,
4552,Joaquin,
4553,Job,
4557,Jobe,
4558,Jocelyn,
4562,Jocelyne,
4563,Jocelynn,
4564,Jodi,
4565,Jodie,
4568,Jody,
4571,Joe,
4572,Joel,
4573,Joell,
4574,Joella,
4577,Joelle,
4578,Joellen,
4580,Joeseph,
4581,Joesph,
4583,Joetta,
4584,Joette,
4585,Joey,
4587,Johan,
4589,Johana,
4591,Johanna,
4593,Johannah,
4594,Johathan,
4595,Johnathan,
4597,Johnathon,
4599,Johney,
4600,Johnie,
4602,Johnna,
4603,Johnnie,
4605,Johnny,
4608,Johnpaul,
4610,Johnson,
4611,Johny,
4612,Joi,
4613,Joleen,
4614,Jolene,
4615,Jolette,
4616,Jolie,
4617,Joline,
4619,Jon,
4621,Jonah,
4622,Jonas,
4623,Jonatan,
4624,Jonathan,
4625,Jonathon,
4626,Jonell,
4628,Jones,
4629,Joni,
4630,Jonna,
4632,Jonnie,
4634,Jordan,
4635,Jorden,
4636,Jordi,
4638,Jordin,
4639,Jordon,
4640,Jordy,
4641,Jordyn,
4642,Joretta,
4643,Jorge,
4644,Jorja,
4645,Jory,
4646,Jose,
4649,Josef,
4653,Josefa,
4654,Josefina,
4658,Josefita,
4660,Joselin,
4661,Joseline,
4662,Joseluis,
4663,Joselyn,
4666,Joseph,
4670,Josephine,
4671,Josephus,
4672,Josette,
4673,Josh,
4675,Joshua,
4676,Joshuah,
4677,Josiah,
4678,Josie,
4679,Josiephine,
4681,Joslyn,
4683,Jossie,
4686,Josue,
4687,Journey,
4688,Jovan,
4689,Jovani,
4690,Jovanni,
4695,Jovanny,
4697,Jovany,
4699,Jovita,
4700,Joy,
4701,Joyce,
4703,Joycelyn,
4704,Joye,
4705,Juan,
4708,Juana,
4709,Juanita,
4710,Judah,
4711,Judd,
4713,Jude,
4714,Judge,
4715,Judi,
4717,Judie,
4718,Judith,
4719,Judson,
4720,Judy,
4721,Judyth,
4722,Jule,
4723,Jules,
4725,Juli,
4727,Julia,
4728,Julian,
4732,Juliana,
4733,Juliann,
4734,Julianna,
4735,Julianne,
4736,Julie,
4738,Julien,
4740,Juliet,
4741,Juliette,
4743,Julio,
4744,Julious,
4745,Julisa,
4748,Julissa,
4749,Julius,
4750,Juluis,
4754,June,
4756,Junia,
4757,Junie,
4759,Junior,
4765,Junious,
4766,Junius,
4769,Justen,
4770,Justice,
4771,Justin,
4772,Justina,
4773,Justine,
4774,Juston,
4775,Justus,
4776,Justyn,
4777,Juwan,
4780,Kaaren,
4782,Kacey,
4783,Kaci,
4784,Kacie,
4785,Kacy,
4786,Kade,
4787,Kadeem,
4788,Kaden,
4789,Kadence,
4792,Kadijah,
4794,Kadin,
4795,Kadyn,
4796,Kaeden,
4798,Kael,
4799,Kaela,
4800,Kaelyn,
4801,Kahlil,
4802,Kai,
4803,Kaia,
4804,Kaiden,
4808,Kaila,
4809,Kailee,
4810,Kailey,
4811,Kailyn,
4812,Kaitlin,
4813,Kaitlyn,
4814,Kaitlynn,
4815,Kaiya,
4816,Kala,
4818,Kale,
4821,Kaleb,
4822,Kaleena,
4823,Kaleigh,
4825,Kalen,
4826,Kalene,
4827,Kaley,
4828,Kali,
4830,Kalie,
4831,Kaliyah,
4833,Kallie,
4835,Kalvin,
4836,Kalyn,
4840,Kamari,
4844,Kamden,
4845,Kameron,
4846,Kami,
4847,Kamila,
4848,Kamilah,
4849,Kamora,
4850,Kamren,
4852,Kamron,
4855,Kamryn,
4857,Kandace,
4860,Kandi,
4862,Kandice,
4863,Kandy,
4864,Kane,
4865,Kanesha,
4866,Kanisha,
4867,Kanye,
4871,Kara,
4873,Karan,
4874,Kareem,
4876,Kareen,
4877,Karel,
4878,Karen,
4879,Kari,
4880,Karie,
4881,Karim,
4883,Karin,
4885,Karina,
4886,Karis,
4887,Karissa,
4888,Karl,
4889,Karla,
4890,Karlee,
4893,Karlene,
4896,Karley,
4898,Karli,
4899,Karlie,
4900,Karly,
4901,Karma,
4902,Karol,
4903,Karolyn,
4909,Karon,
4911,Karren,
4912,Karri,
4914,Karrie,
4915,Karson,
4916,Karsyn,
4917,Karter,
4919,Karyl,
4920,Karyme,
4921,Karyn,
4925,Kasandra,
4926,Kasen,
4927,Kasey,
4928,Kash,
4929,Kasie,
4932,Kason,
4936,Kassandra,
4939,Kassidy,
4941,Kassie,
4942,Katarina,
4945,Kate,
4946,Katelin,
4947,Katelyn,
4951,Katelynn,
4952,Katerina,
4953,Kathaleen,
4954,Katharina,
4956,Katharine,
4957,Katharyn,
4958,Katherin,
4959,Katherine,
4961,Kathern,
4962,Katheryn,
4963,Kathey,
4964,Kathi,
4965,Kathie,
4966,Kathleen,
4967,Kathlene,
4969,Kathlyn,
4970,Kathrine,
4971,Kathryn,
4973,Kathryne,
4974,Kathy,
4975,Kathyrn,
4976,Kati,
4977,Katia,
4978,Katie,
4979,Katina,
4980,Katlin,
4981,Katlyn,
4985,Katlynn,
4987,Katrina,
4988,Kattie,
4989,Katy,
4990,Kavon,
4991,Kay,
4992,Kaya,
4993,Kaycee,
4994,Kayden,
4995,Kaydence,
4998,Kaye,
5004,Kayla,
5007,Kaylah,
5008,Kaylan,
5009,Kaylee,
5010,Kayleigh,
5011,Kaylen,
5012,Kaylene,
5013,Kayley,
5014,Kayli,
5015,Kaylie,
5016,Kaylin,
5021,Kaylyn,
5023,Kaylynn,
5025,Kazuko,
5026,Kazuo,
5027,Keagan,
5028,Keandre,
5033,Keanna,
5034,Keanu,
5039,Keara,
5040,Keaton,
5041,Kecia,
5046,Keegan,
5047,Keeley,
5048,Keely,
5049,Keena,
5051,Keenan,
5053,Keenen,
5054,Keesha,
5055,Kegan,
5059,Keifer,
5060,Keila,
5062,Keion,
5063,Keira,
5064,Keisha,
5065,Keith,
5066,Kelan,
5068,Kelby,
5069,Kelcie,
5071,Keli,
5072,Kelis,
5073,Kellan,
5074,Kellee,
5075,Kellen,
5076,Kelley,
5077,Kelli,
5080,Kellie,
5081,Kelly,
5083,Kelsea,
5088,Kelsey,
5092,Kelsi,
5093,Kelsie,
5094,Kelton,
5095,Kelvin,
5096,Kem,
5099,Ken,
5102,Kenan,
5103,Kendal,
5105,Kendall,
5106,Kendell,
5107,Kendra,
5108,Kendrick,
5109,Kenia,
5110,Kenisha,
5111,Kenji,
5112,Kenley,
5113,Kenna,
5114,Kennard,
5116,Kennedi,
5120,Kennedy,
5121,Kenneth,
5127,Kenney,
5128,Kennith,
5131,Kennth,
5134,Kenny,
5135,Kent,
5136,Kenton,
5137,Kenya,
5139,Kenyatta,
5146,Kenyon,
5147,Kenzie,
5151,Keon,
5152,Keri,
5155,Kermit,
5156,Kerri,
5159,Kerrie,
5165,Kerry,
5168,Kerwin,
5170,Kesha,
5171,Keshaun,
5177,Keshawn,
5178,Keshia,
5181,Kevan,
5187,Keven,
5189,Kevin,
5197,Kevon,
5198,Keyla,
5202,Keyon,
5205,Keyshawn,
5209,Khadijah,
5212,Khalid,
5213,Khalil,
5214,Khalilah,
5218,Khari,
5219,Khiry,
5220,Khloe,
5221,Kia,
5222,Kian,
5224,Kiana,
5225,Kianna,
5226,Kiara,
5231,Kiarra,
5237,Kiefer,
5238,Kiel,
5239,Kiera,
5240,Kieran,
5241,Kierra,
5244,Kiersten,
5246,Kieth,
5247,Kiley,
5248,Killian,
5250,Kim,
5254,Kimball,
5255,Kimber,
5256,Kimberely,
5258,Kimberlee,
5264,Kimberley,
5265,Kimberli,
5266,Kimberlie,
5267,Kimberly,
5268,Kimora,
5269,Kindra,
5272,King,
5275,Kingston,
5278,Kinley,
5279,Kinsey,
5282,Kinsley,
5283,Kinte,
5284,Kip,
5285,Kipp,
5288,Kira,
5291,Kirby,
5292,Kirk,
5293,Kirsten,
5294,Kirstie,
5296,Kirstin,
5297,Kirt,
5298,Kisha,
5299,Kit,
5300,Kittie,
5303,Kitty,
5304,Kiya,
5307,Kiyoko,
5308,Kiyoshi,
5309,Kizzie,
5311,Kizzy,
5312,Knox,
5313,Knute,
5316,Kobe,
5319,Koby,
5321,Koda,
5322,Kody,
5323,Koen,
5324,Kolby,
5325,Kole,
5328,Kolten,
5329,Kolton,
5333,Konner,
5334,Konnor,
5337,Korbin,
5338,Kordell,
5339,Korey,
5341,Kori,
5345,Kortney,
5346,Kory,
5347,Kourtney,
5348,Kraig,
5349,Kris,
5353,Krish,
5356,Krissy,
5357,Krista,
5358,Kristal,
5361,Kristan,
5363,Kristen,
5364,Kristi,
5365,Kristian,
5372,Kristie,
5373,Kristin,
5375,Kristina,
5377,Kristine,
5378,Kristofer,
5379,Kristoffer,
5380,Kristopher,
5382,Kristy,
5384,Kristyn,
5385,Krysta,
5387,Krystal,
5388,Krysten,
5389,Krystin,
5390,Krystina,
5391,Krystle,
5397,Kunta,
5398,Kurt,
5400,Kurtis,
5401,Kwame,
5404,Kya,
5409,Kyan,
5410,Kyara,
5414,Kyla,
5415,Kylah,
5416,Kylan,
5417,Kyle,
5418,Kylee,
5419,Kyleigh,
5420,Kylene,
5421,Kyler,
5422,Kylie,
5423,Kymani,
5424,Kyra,
5425,Kyree,
5427,Kyrie,
5428,Kyson,
5433,Lacey,
5434,Laci,
5435,Lacie,
5437,Lacy,
5438,Ladarius,
5440,Laddie,
5442,Ladonna,
5443,Lady,
5444,Lafayette,
5445,Lafe,
5446,Lahoma,
5447,Laila,
5448,Lailah,
5449,Lainey,
5450,Laisha,
5451,Lakeisha,
5452,Laken,
5454,Lakendra,
5455,Lakesha,
5456,Lakeshia,
5458,Lakisha,
5459,Lala,
5460,Lalla,
5461,Lamar,
5462,Lamarcus,
5463,Lambert,
5464,Lamont,
5465,Lamonte,
5466,Lana,
5468,Lance,
5470,Landan,
5471,Landen,
5472,Landin,
5475,Landon,
5476,Landyn,
5477,Lane,
5478,Lanette,
5479,Laney,
5480,Lani,
5481,Lanie,
5483,Lanita,
5485,Lannie,
5486,Lanny,
5489,Laquan,
5490,Laquita,
5493,Lara,
5497,Larae,
5498,Laraine,
5499,Larissa,
5500,Lark,
5501,Larkin,
5502,Laron,
5503,Larry,
5504,Lars,
5505,Larue,
5506,Lary,
5507,Lashanda,
5508,Lashawn,
5512,Lashonda,
5513,Lashunda,
5515,Lasonya,
5521,Lassie,
5522,Latanya,
5523,Latarsha,
5524,Latasha,
5525,Latesha,
5527,Latifah,
5528,Latisha,
5529,Latonia,
5530,Latonya,
5531,Latoria,
5532,Latosha,
5537,Latoya,
5538,Latoyia,
5539,Latrell,
5540,Latrice,
5541,Latricia,
5543,Latrina,
5544,Launa,
5548,Laura,
5550,Laurance,
5553,Laureen,
5556,Laurel,
5560,Lauren,
5562,Laurence,
5563,Laurene,
5564,Lauretta,
5568,Laurette,
5569,Lauri,
5570,Laurie,
5572,Laurine,
5573,Lauryn,
5574,Lavada,
5575,Lavar,
5577,Lavelle,
5580,Lavenia,
5581,Lavera,
5582,Lavern,
5584,Laverna,
5585,Laverne,
5588,Lavina,
5589,Lavinia,
5590,Lavon,
5591,Lavona,
5596,Lavonda,
5597,Lavonia,
5601,Lavonne,
5602,Lawanda,
5603,Lawerence,
5604,Lawrance,
5607,Lawrence,
5608,Lawson,
5609,Lawton,
5610,Lawyer,
5611,Layla,
5612,Laylah,
5613,Layne,
5614,Layton,
5615,Lazaro,
5617,Le,
5618,Lea,
5619,Leafy,
5620,Leah,
5621,Leala,
5625,Leamon,
5628,Leana,
5629,Leander,
5630,Leandra,
5632,Leandro,
5633,Leaner,
5635,Leann,
5636,Leanna,
5637,Leanne,
5638,Leatha,
5640,Leatrice,
5643,Leda,
5644,Lee,
5646,Leeann,
5649,Leeroy,
5650,Leesa,
5651,Leia,
5657,Leif,
5663,Leigh,
5664,Leighton,
5665,Leila,
5666,Leilani,
5667,Leisa,
5668,Leisha,
5669,Leitha,
5670,Lela,
5672,Lelah,
5673,Leland,
5675,Lelar,
5678,Lelia,
5679,Lella,
5680,Lem,
5682,Lemma,
5684,Lemmie,
5685,Lemon,
5688,Lempi,
5689,Lemuel,
5690,Len,
5693,Lena,
5694,Lenard,
5696,Lenna,
5699,Lennie,
5700,Lennon,
5704,Lenny,
5706,Lenon,
5707,Lenora,
5710,Lenord,
5712,Lenore,
5720,Lenwood,
5721,Leo,
5723,Leola,
5733,Leoma,
5735,Leon,
5736,Leona,
5741,Leonard,
5742,Leonardo,
5745,Leonce,
5746,Leone,
5747,Leonel,
5749,Leonia,
5752,Leonidas,
5755,Leonie,
5764,Leonor,
5767,Leonora,
5768,Leonore,
5771,Leontine,
5772,Leopold,
5773,Leopoldo,
5779,Leora,
5780,Leota,
5782,Lera,
5784,Leroy,
5785,Les,
5786,Lesa,
5787,Lesia,
5788,Leslee,
5791,Lesley,
5792,Lesli,
5796,Leslie,
5797,Lesly,
5799,Less,
5801,Lessie,
5802,Lesta,
5803,Lester,
5804,Leta,
5809,Letha,
5810,Lethia,
5812,Leticia,
5816,Letitia,
5817,Letta,
5818,Lettie,
5820,Letty,
5826,Leva,
5828,Levar,
5829,Levern,
5833,Levi,
5836,Levie,
5838,Levin,
5839,Levina,
5840,Levon,
5841,Levy,
5843,Lew,
5847,Lewis,
5849,Lex,
5853,Lexi,
5856,Lexie,
5863,Lexis,
5867,Lexus,
5872,Leyla,
5873,Lia,
5874,Liam,
5875,Liana,
5876,Liane,
5878,Libbie,
5879,Libby,
5880,Liberty,
5881,Lida,
5882,Liddie,
5883,Lidia,
5884,Lidie,
5888,Lige,
5889,Lila,
5890,Lilah,
5891,Lilburn,
5893,Lilia,
5896,Lilian,
5899,Liliana,
5900,Lilianna,
5901,Lilie,
5902,Lilla,
5903,Lillard,
5909,Liller,
5912,Lillia,
5915,Lillian,
5919,Lilliana,
5922,Lillianna,
5925,Lillie,
5927,Lillis,
5929,Lilly,
5932,Lily,
5938,Lilyan,
5941,Lilyana,
5942,Lim,
5943,Lina,
5944,Lincoln,
5945,Linda,
5947,Lindbergh,
5949,Lindell,
5951,Linden,
5952,Lindsay,
5953,Lindsey,
5954,Lindy,
5955,Linette,
5956,Link,
5957,Linn,
5959,Linna,
5961,Linnea,
5962,Linnie,
5963,Linsey,
5965,Linton,
5968,Linus,
5969,Linwood,
5970,Linzy,
5971,Lionel,
5974,Lisa,
5975,Lisandro,
5979,Lisbeth,
5980,Lise,
5984,Lisette,
5986,Lish,
5988,Lisha,
5989,Lisle,
5990,Lissa,
5991,Lissette,
5992,Lissie,
5993,Liston,
5994,Lita,
5995,Litha,
5999,Littie,
6001,Little,
6002,Littleton,
6003,Litzy,
6005,Livia,
6006,Liz,
6009,Liza,
6012,Lizabeth,
6013,Lizbeth,
6014,Lizeth,
6016,Lizette,
6020,Lizzie,
6021,Llewellyn,
6022,Lloyd,
6023,Lockie,
6025,Loda,
6027,Logan,
6030,Lois,
6031,Lola,
6033,Lolita,
6035,Lolla,
6036,Lollie,
6039,Loma,
6040,Lon,
6041,Lona,
6042,London,
6044,Londyn,
6049,Lone,
6051,Loney,
6055,Long,
6057,Loni,
6058,Lonie,
6059,Lonna,
6060,Lonnie,
6062,Lonny,
6063,Lonzo,
6064,Lora,
6067,Loraine,
6070,Loran,
6078,Lorayne,
6086,Lorean,
6090,Loree,
6093,Loreen,
6095,Lorelai,
6100,Lorelei,
6101,Loren,
6104,Lorena,
6107,Lorene,
6111,Lorenz,
6116,Lorenza,
6119,Lorenzo,
6122,Loretta,
6123,Loretto,
6124,Lori,
6125,Loria,
6140,Loriann,
6141,Lorie,
6143,Lorin,
6145,Lorinda,
6148,Lorine,
6153,Loring,
6155,Loris,
6156,Lorna,
6157,Lorne,
6158,Lorraine,
6159,Lorrayne,
6162,Lorri,
6163,Lorrie,
6166,Lossie,
6169,Lota,
6170,Lott,
6178,Lotta,
6181,Lottie,
6182,Lou,
6183,Louann,
6184,Louanna,
6185,Louella,
6186,Louetta,
6187,Louie,
6188,Louis,
6192,Louisa,
6193,Louise,
6195,Louisiana,
6196,Loula,
6197,Lourdes,
6201,Louvenia,
6202,Love,
6203,Lovell,
6204,Lovett,
6210,Lovey,
6212,Lovie,
6213,Lovina,
6214,Lovisa,
6215,Lowell,
6216,Loy,
6217,Loyal,
6218,Loyce,
6219,Loyd,
6220,Lu,
6222,Luana,
6223,Luann,
6225,Luanne,
6228,Luberta,
6232,Luc,
6234,Luca,
6235,Lucas,
6237,Lucero,
6238,Lucetta,
6239,Lucia,
6241,Lucian,
6242,Luciana,
6244,Luciano,
6245,Lucie,
6246,Lucien,
6249,Lucile,
6250,Lucille,
6251,Lucina,
6252,Lucinda,
6254,Lucindy,
6263,Lucio,
6264,Lucious,
6265,Lucius,
6266,Lucky,
6267,Lucretia,
6268,Lucy,
6269,Luda,
6270,Ludie,
6271,Ludwig,
6273,Lue,
6279,Luella,
6280,Luetta,
6281,Lugenia,
6283,Luigi,
6285,Luis,
6286,Luisa,
6287,Luka,
6288,Lukas,
6289,Luke,
6290,Lula,
6291,Lulah,
6294,Lular,
6295,Lulie,
6296,Lulla,
6297,Lulu,
6298,Lum,
6299,Luna,
6300,Lupe,
6301,Lura,
6302,Lurana,
6303,Lurena,
6305,Lurline,
6306,Luster,
6308,Lute,
6310,Luther,
6313,Lutie,
6314,Luvenia,
6315,Luverne,
6316,Luvinia,
6319,Luz,
6320,Lyda,
6322,Lydell,
6323,Lydia,
6324,Lyla,
6327,Lyle,
6329,Lyman,
6330,Lyn,
6331,Lynda,
6332,Lyndia,
6333,Lyndon,
6334,Lyndsay,
6335,Lyndsey,
6336,Lynette,
6337,Lynn,
6338,Lynne,
6339,Lynnette,
6341,Lynsey,
6342,Lynwood,
6344,Lyric,
6345,Mabel,
6347,Mabell,
6348,Mabelle,
6349,Mable,
6350,Mac,
6357,Macarthur,
6358,Mace,
6365,Macel,
6367,Maceo,
6368,Macey,
6370,Machelle,
6371,Maci,
6373,Macie,
6374,Mack,
6375,Mackenzie,
6376,Macy,
6377,Madaline,
6378,Madalyn,
6379,Madalynn,
6380,Madden,
6382,Maddison,
6383,Maddox,
6385,Madeleine,
6386,Madelene,
6387,Madeline,
6390,Madelyn,
6395,Madelynn,
6400,Madge,
6402,Madie,
6405,Madilyn,
6407,Madilynn,
6408,Madisen,
6410,Madison,
6412,Madisyn,
6415,Madlyn,
6417,Madonna,
6422,Madora,
6424,Madyson,
6425,Mae,
6427,Maebell,
6428,Maebelle,
6429,Maegan,
6433,Maeve,
6434,Mafalda,
6436,Magan,
6440,Magdalen,
6442,Magdalena,
6448,Magdalene,
6449,Magen,
6452,Maggie,
6453,Magnolia,
6454,Mahala,
6460,Mahalia,
6461,Mahalie,
6464,Mahlon,
6465,Mai,
6466,Maia,
6476,Maida,
6477,Maira,
6480,Maiya,
6482,Major,
6483,Makai,
6484,Makaila,
6493,Makala,
6502,Makayla,
6503,Makena,
6506,Makenna,
6509,Makenzie,
6510,Makhi,
6514,Mal,
6515,Malachi,
6516,Malakai,
6517,Malaki,
6523,Malaya,
6527,Malcolm,
6528,Malcom,
6530,Male,
6533,Maleah,
6534,Malia,
6535,Malik,
6536,Malinda,
6537,Malissa,
6538,Malissie,
6539,Maliyah,
6541,Mallie,
6542,Mallorie,
6545,Mallory,
6547,Malorie,
6548,Malvin,
6549,Malvina,
6550,Mame,
6551,Mamie,
6552,Mammie,
6553,Manda,
6554,Mandi,
6557,Mandie,
6558,Mandy,
6559,Manerva,
6560,Manervia,
6561,Manford,
6563,Manie,
6564,Manila,
6565,Manilla,
6566,Manley,
6567,Manly,
6568,Mannie,
6571,Manning,
6572,Mansfield,
6573,Manson,
6574,Manuel,
6577,Manuela,
6578,Manuelita,
6579,Mara,
6581,Maralyn,
6582,Maranda,
6583,Marc,
6584,Marcel,
6586,Marcela,
6587,Marcelina,
6588,Marceline,
6591,Marcelino,
6592,Marcella,
6593,Marcelle,
6595,Marcello,
6596,Marcellus,
6597,Marcelo,
6598,Marchello,
6603,Marci,
6604,Marcia,
6609,Marcie,
6611,Marco,
6612,Marcos,
6614,Marcus,
6615,Marcy,
6616,Mardell,
6617,Mareli,
6618,Marely,
6619,Maren,
6620,Margaret,
6624,Margarete,
6625,Margaretha,
6628,Margarett,
6629,Margaretta,
6631,Margarette,
6636,Margarita,
6638,Margarite,
6639,Margarito,
6643,Marge,
6644,Margene,
6645,Margeret,
6650,Margery,
6654,Marget,
6656,Margie,
6658,Margo,
6659,Margot,
6660,Margret,
6662,Margrett,
6663,Margretta,
6664,Marguerite,
6665,Margueritta,
6666,Margurite,
6667,Margy,
6668,Mari,
6669,Maria,
6670,Mariah,
6671,Mariam,
6678,Marian,
6679,Mariana,
6684,Marianita,
6686,Mariann,
6687,Marianna,
6688,Marianne,
6689,Mariano,
6691,Maribel,
6692,Maribeth,
6695,Maricela,
6696,Marie,
6699,Mariel,
6702,Mariela,
6705,Marietta,
6706,Marilee,
6707,Marilla,
6708,Marilou,
6709,Marilyn,
6710,Marilynn,
6711,Marin,
6713,Marina,
6715,Marinda,
6718,Mario,
6720,Marion,
6721,Marisa,
6722,Marisela,
6723,Marisol,
6724,Marissa,
6731,Marita,
6732,Maritza,
6734,Marius,
6744,Mariyah,
6746,Marjorie,
6748,Marjory,
6750,Mark,
6751,Markel,
6752,Markell,
6753,Markita,
6754,Markus,
6755,Marla,
6760,Marlana,
6763,Marland,
6764,Marlee,
6765,Marleen,
6768,Marlen,
6769,Marlena,
6770,Marlene,
6772,Marley,
6773,Marlie,
6774,Marlin,
6775,Marlo,
6776,Marlon,
6777,Marlyn,
6780,Marlys,
6782,Marni,
6783,Marnie,
6785,Marnita,
6786,Marolyn,
6787,Marques,
6788,Marquez,
6789,Marquis,
6790,Marquise,
6791,Marquita,
6793,Marrion,
6794,Marry,
6796,Marsh,
6797,Marsha,
6798,Marshal,
6800,Marshall,
6803,Mart,
6804,Marta,
6807,Martell,
6808,Martez,
6809,Martha,
6810,Marti,
6811,Martika,
6812,Martin,
6814,Martina,
6816,Martine,
6817,Marty,
6818,Marva,
6820,Marvel,
6821,Marvin,
6827,Mary,
6832,Maryam,
6835,Maryann,
6836,Maryanne,
6837,Marybelle,
6849,Marybeth,
6850,Maryellen,
6851,Maryjane,
6852,Maryjo,
6853,Marylee,
6856,Marylin,
6857,Marylou,
6858,Marylouise,
6860,Marylyn,
6862,Masako,
6863,Masao,
6867,Mason,
6868,Mat,
6869,Mateo,
6870,Math,
6872,Mathew,
6873,Mathews,
6874,Mathias,
6879,Mathilda,
6880,Mathilde,
6881,Matias,
6882,Matie,
6883,Matilda,
6884,Matilde,
6885,Matt,
6886,Matteo,
6887,Matthew,
6888,Matthias,
6889,Mattie,
6890,Mattye,
6893,Maud,
6898,Maude,
6899,Maudie,
6902,Maura,
6909,Maureen,
6911,Maurice,
6912,Mauricio,
6918,Maurine,
6920,Mauro,
6927,Maury,
6932,Maverick,
6934,Mavis,
6935,Max,
6936,Maxie,
6938,Maxim,
6939,Maximilian,
6942,Maximillian,
6944,Maximo,
6945,Maximus,
6946,Maxine,
6947,Maxwell,
6948,May,
6949,Maya,
6950,Maybell,
6951,Maybelle,
6952,Maye,
6953,Mayme,
6954,Maymie,
6957,Maynard,
6958,Mayo,
6959,Mayra,
6961,Mazie,
6962,Mcarthur,
6963,Mckayla,
6965,Mckenna,
6966,Mckenzie,
6967,Mckinley,
6969,Meadow,
6970,Meagan,
6971,Meaghan,
6973,Mearl,
6974,Mechelle,
6975,Meda,
6978,Media,
6979,Medora,
6981,Meg,
6982,Megan,
6983,Meggan,
6984,Meghan,
6985,Meghann,
6986,Mekhi,
6987,Mel,
6989,Melanie,
6990,Melany,
6992,Melba,
6993,Melbourne,
6994,Melina,
6996,Melinda,
6997,Melisa,
6998,Melissa,
6999,Melissia,
7000,Mell,
7001,Mellie,
7004,Mellisa,
7005,Mellissa,
7007,Melodee,
7008,Melodie,
7009,Melody,
7010,Melonie,
7012,Melony,
7013,Melton,
7015,Melva,
7016,Melville,
7017,Melvin,
7018,Melvina,
7019,Melvyn,
7020,Memphis,
7022,Mena,
7023,Menachem,
7024,Mendy,
7025,Mercedes,
7026,Mercer,
7027,Mercy,
7028,Meredith,
7030,Merilyn,
7031,Merl,
7032,Merle,
7033,Merlene,
7034,Merlin,
7036,Merlyn,
7037,Merna,
7038,Merri,
7040,Merrie,
7041,Merrilee,
7044,Merrill,
7045,Merrily,
7046,Merritt,
7047,Merry,
7048,Mertie,
7049,Merton,
7050,Mervin,
7051,Mervyn,
7052,Merwin,
7053,Meryl,
7054,Messiah,
7055,Meta,
7056,Metha,
7057,Metro,
7058,Metta,
7059,Mettie,
7060,Meyer,
7061,Mia,
7062,Miah,
7063,Micaela,
7064,Micah,
7065,Micayla,
7067,Michael,
7069,Michaela,
7070,Michaele,
7071,Michal,
7072,Michale,
7073,Micheal,
7074,Michel,
7075,Michele,
7076,Michelina,
7078,Michell,
7079,Michelle,
7080,Michial,
7082,Mickey,
7083,Mickie,
7084,Micky,
7085,Miesha,
7086,Migdalia,
7087,Mignon,
7088,Miguel,
7089,Miguelangel,
7090,Mikaela,
7091,Mikaila,
7092,Mikal,
7093,Mikala,
7096,Mikalah,
7099,Mikayla,
7101,Mike,
7102,Mikeal,
7103,Mikel,
7104,Mikhail,
7107,Mila,
7108,Milagros,
7109,Milan,
7114,Milas,
7115,Milburn,
7116,Milda,
7117,Mildred,
7118,Miles,
7121,Miley,
7122,Milford,
7123,Milissa,
7124,Millard,
7125,Miller,
7127,Millicent,
7131,Millie,
7132,Mills,
7134,Milly,
7137,Milo,
7139,Milton,
7141,Mima,
7142,Mimi,
7143,Mina,
7147,Minda,
7149,Mindi,
7150,Mindy,
7151,Miner,
7153,Minerva,
7154,Minervia,
7155,Minna,
7156,Minnie,
7158,Minor,
7160,Minoru,
7161,Minta,
7162,Mintie,
7163,Mira,
7164,Miracle,
7165,Miranda,
7167,Mireya,
7169,Miriah,
7171,Miriam,
7173,Mirtie,
7175,Misael,
7176,Missie,
7177,Missouri,
7178,Missy,
7179,Misti,
7181,Mistie,
7184,Misty,
7190,Mitch,
7191,Mitchel,
7192,Mitchell,
7193,Mittie,
7202,Mitzi,
7205,Miya,
7206,Modena,
7208,Moe,
7209,Moesha,
7211,Mohamed,
7212,Mohammad,
7215,Mohammed,
7216,Moira,
7217,Moises,
7218,Mollie,
7219,Molly,
7222,Mona,
7223,Monica,
7225,Monika,
7228,Monique,
7234,Monna,
7235,Monnie,
7236,Monroe,
7238,Monserrat,
7243,Mont,
7245,Montana,
7247,Monte,
7248,Montel,
7251,Montgomery,
7254,Montie,
7255,Montrell,
7256,Montserrat,
7257,Monty,
7258,Moody,
7259,Mora,
7260,Mordechai,
7261,Morgan,
7262,Moriah,
7263,Morris,
7264,Mortimer,
7265,Morton,
7266,Mose,
7282,Moses,
7285,Moshe,
7292,Mossie,
7293,Mozell,
7294,Mozella,
7297,Mozelle,
7299,Muhammad,
7301,Murdock,
7302,Muriel,
7303,Murl,
7304,Murphy,
7305,Murray,
7306,Murry,
7307,Mustafa,
7308,Mya,
7310,Myah,
7311,Mychal,
7312,Myer,
7315,Mykel,
7316,Myla,
7317,Mylee,
7318,Myles,
7319,Mylie,
7320,Myra,
7321,Myranda,
7323,Myrl,
7324,Myrle,
7325,Myrna,
7326,Myron,
7327,Myrta,
7328,Myrtice,
7333,Myrtie,
7335,Myrtis,
7336,Myrtle,
7340,Nada,
7344,Nadia,
7345,Nadine,
7346,Naima,
7347,Najee,
7348,Nakia,
7349,Nakisha,
7352,Nakita,
7354,Nallely,
7357,Namon,
7360,Nan,
7361,Nana,
7362,Nanci,
7364,Nancie,
7366,Nancy,
7367,Nanette,
7368,Nanie,
7369,Nanna,
7371,Nannette,
7372,Nannie,
7373,Naoma,
7375,Naomi,
7376,Napoleon,
7377,Narcissus,
7379,Nash,
7380,Nasir,
7381,Nat,
7382,Natalee,
7386,Natalia,
7387,Natalie,
7390,Nataly,
7394,Natalya,
7395,Natasha,
7396,Nathalia,
7411,Nathalie,
7414,Nathaly,
7419,Nathan,
7438,Nathanael,
7439,Nathanial,
7440,Nathaniel,
7443,Nathen,
7444,Natosha,
7445,Nautica,
7448,Nayeli,
7449,Nayely,
7450,Neal,
7451,Nealie,
7454,Nealy,
7455,Ned,
7457,Nedra,
7458,Needham,
7459,Neely,
7460,Neha,
7477,Nehemiah,
7479,Neil,
7481,Nelda,
7482,Nelia,
7486,Nelie,
7487,Nell,
7492,Nella,
7493,Nelle,
7541,Nellie,
7560,Nello,
7561,Nelly,
7562,Nels,
7564,Nelson,
7566,Nena,
7569,Neola,
7570,Neoma,
7572,Neppie,
7573,Nereida,
7579,Nery,
7581,Nestor,
7584,Neta,
7587,Netta,
7614,Nettie,
7615,Neva,
7616,Nevada,
7618,Nevaeh,
7619,Neveah,
7620,Nevin,
7624,Newell,
7636,Newman,
7646,Newt,
7647,Newton,
7649,Nia,
7650,Nichelle,
7657,Nichol,
7669,Nicholas,
7698,Nicholaus,
7700,Nichole,
7701,Nick,
7702,Nicki,
7704,Nicklaus,
7705,Nickolas,
7706,Nicky,
7707,Nico,
7708,Nicola,
7713,Nicolas,
7714,Nicole,
7716,Nicolette,
7720,Nicolle,
7727,Nigel,
7728,Nikhil,
7730,Niki,
7742,Nikia,
7743,Nikita,
7745,Nikki,
7748,Nikko,
7749,Niko,
7753,Nikolai,
7756,Nikolas,
7757,Nikole,
7762,Nila,
7766,Nilda,
7767,Nile,
7772,Niles,
7773,Nils,
7781,Nim,
7782,Nina,
7786,Ninnie,
7789,Nira,
7792,Nita,
7802,Noah,
7810,Nobie,
7811,Noble,
7812,Noe,
7815,Noel,
7820,Noelia,
7822,Noelle,
7826,Noemi,
7831,Noemie,
7832,Nohely,
7833,Nola,
7834,Nolan,
7835,Nolen,
7839,Nolia,
7840,Nolie,
7841,Noma,
7842,Nona,
7843,Nonie,
7844,Nora,
7845,Norah,
7846,Norbert,
7879,Norberto,
7882,Noreen,
7883,Norene,
7884,Noreta,
7888,Noretta,
7889,Norine,
7891,Norita,
7894,Norma,
7895,Norman,
7896,Normand,
7899,Norris,
7900,North,
7916,Norton,
7920,Norval,
7924,Norwood,
7925,Nova,
7926,Novella,
7930,Nunzio,
7932,Nya,
7934,Nyah,
7936,Nyasia,
7937,Nyla,
7938,Nylah,
7939,Nyree,
7940,Oakley,
7943,Obe,
7944,Obed,
7951,Obie,
7976,Ocie,
7979,Octa,
7980,Octave,
7981,Octavia,
7982,Octavie,
7983,Octavio,
7984,Octavius,
7986,Oda,
7987,Odalis,
7988,Odalys,
7991,Oddie,
7993,Odelia,
8008,Odell,
8010,Odessa,
8011,Odette,
8012,Odie,
8014,Odile,
8015,Odin,
8016,Odis,
8019,Odus,
8024,Ofelia,
8025,Offie,
8033,Ogden,
8035,Okey,
8042,Ola,
8043,Olaf,
8044,Olan,
8045,Oland,
8057,Olar,
8092,Ole,
8093,Olen,
8094,Olena,
8117,Olene,
8118,Oleta,
8119,Olevia,
8121,Oley,
8125,Olga,
8126,Olie,
8128,Olin,
8131,Olinda,
8132,Oline,
8136,Oliva,
8137,Olive,
8138,Oliver,
8142,Olivia,
8143,Olivine,
8147,Ollie,
8153,Olof,
8154,Olympia,
8157,Oma,
8158,Omar,
8167,Omari,
8169,Omarion,
8183,Omer,
8188,Omie,
8189,Ona,
8190,Oneal,
8191,Oneida,
8195,Oneta,
8196,Oney,
8197,Onie,
8199,Onnie,
8207,Opal,
8225,Opha,
8228,Ophelia,
8232,Ora,
8235,Orah,
8236,Oral,
8238,Oralia,
8239,Oran,
8241,Orange,
8253,Orelia,
8254,Oren,
8261,Orene,
8264,Orie,
8266,Orilla,
8268,Orin,
8270,Orion,
8275,Oris,
8290,Orla,
8293,Orland,
8302,Orlando,
8327,Orlena,
8331,Orley,
8335,Orlin,
8336,Orlo,
8337,Orma,
8338,Orpha,
8340,Orra,
8341,Orren,
8360,Orrie,
8361,Orrin,
8362,Orris,
8363,Orson,
8364,Orval,
8366,Orvel,
8368,Orvil,
8369,Orville,
8370,Orvin,
8371,Orvis,
8372,Osa,
8373,Osbaldo,
8375,Osborn,
8376,Osborne,
8378,Oscar,
8379,Osie,
8380,Ossie,
8382,Osvaldo,
8383,Oswald,
8385,Oswaldo,
8387,Ota,
8391,Otelia,
8402,Otha,
8405,Othel,
8410,Otho,
8424,Otis,
8425,Ott,
8426,Ottie,
8427,Ottilia,
8446,Ottilie,
8447,Ottis,
8450,Otto,
8451,Ouida,
8454,Ova,
8456,Ovid,
8458,Ovila,
8459,Owen,
8461,Owens,
8462,Ozell,
8463,Ozella,
8464,Ozie,
8465,Ozzie,
8477,Pablo,
8481,Page,
8482,Paige,
8484,Pairlee,
8487,Paisley,
8491,Paityn,
8492,Pallie,
8493,Palma,
8494,Palmer,
8495,Paloma,
8500,Pam,
8501,Pamala,
8502,Pamela,
8506,Pamelia,
8507,Pamella,
8511,Pandora,
8512,Pansy,
8518,Paola,
8521,Paralee,
8526,Paris,
8528,Park,
8529,Parker,
8530,Parlee,
8531,Parley,
8532,Parrish,
8533,Parthenia,
8534,Pascal,
8535,Pasquale,
8542,Pat,
8571,Pate,
8574,Patience,
8575,Patric,
8577,Patrica,
8578,Patrice,
8580,Patricia,
8581,Patrick,
8582,Patsy,
8587,Patti,
8588,Pattie,
8591,Patty,
8593,Paul,
8596,Paula,
8600,Pauletta,
8601,Paulette,
8604,Paulina,
8605,Pauline,
8607,Paulo,
8609,Paxton,
8610,Payten,
8611,Payton,
8614,Pearl,
8617,Pearla,
8620,Pearle,
8622,Pearlene,
8623,Pearley,
8626,Pearlie,
8632,Pearline,
8633,Pearly,
8636,Pedro,
8638,Peggie,
8640,Peggy,
8641,Penelope,
8643,Penni,
8644,Pennie,
8645,Penny,
8650,Pepper,
8656,Percival,
8665,Percy,
8666,Perla,
8667,Perley,
8670,Permelia,
8677,Pernell,
8684,Perri,
8685,Perry,
8690,Pershing,
8695,Pete,
8711,Peter,
8712,Petra,
8713,Peyton,
8714,Phebe,
8718,Pheobe,
8720,Phil,
8724,Philip,
8727,Phillip,
8730,Phillis,
8738,Philo,
8743,Philomena,
8748,Philomene,
8753,Phoebe,
8754,Phoenix,
8755,Phylicia,
8765,Phylis,
8771,Phyliss,
8772,Phyllis,
8773,Pierce,
8774,Pierre,
8778,Pink,
8781,Pinkey,
8782,Pinkie,
8783,Pinkney,
8784,Piper,
8795,Pleas,
8796,Pleasant,
8798,Ples,
8799,Pluma,
8800,Plummer,
8804,Polk,
8807,Pollie,
8808,Polly,
8809,Porfirio,
8810,Porsche,
8813,Porsha,
8814,Porter,
8815,Portia,
8827,Posey,
8830,Powell,
8831,Pranav,
8832,Pratt,
8833,Precious,
8835,Prentice,
8836,Prentiss,
8838,Presley,
8840,Press,
8844,Preston,
8848,Price,
8860,Pricilla,
8861,Primus,
8864,Prince,
8865,Princess,
8866,Priscila,
8869,Priscilla,
8870,Prosper,
8873,Prudence,
8874,Prudie,
8875,Pryor,
8879,Purl,
8880,Qiana,
8894,Queen,
8905,Queenie,
8906,Quentin,
8907,Quiana,
8908,Quincy,
8910,Quinn,
8911,Quint,
8912,Quinten,
8914,Quintin,
8915,Quinton,
8916,Rachael,
8917,Racheal,
8918,Rachel,
8919,Rachelle,
8920,Racquel,
8921,Rae,
8928,Raegan,
8933,Raekwon,
8934,Raelynn,
8937,Rafael,
8938,Rafaela,
8939,Rafe,
8943,Ragna,
8946,Raheem,
8947,Rahn,
8948,Rahsaan,
8949,Rahul,
8950,Raiden,
8951,Raina,
8952,Rakeem,
8954,Raleigh,
8955,Ralph,
8957,Ramiro,
8958,Ramon,
8959,Ramona,
8961,Ramsey,
8964,Rance,
8965,Rand,
8966,Randal,
8967,Randall,
8968,Randel,
8969,Randell,
8970,Randi,
8972,Randle,
8973,Randolf,
8974,Randolph,
8977,Randy,
8978,Ransom,
8979,Raoul,
8981,Raphael,
8982,Raquan,
8983,Raquel,
8984,Ras,
8985,Rashaad,
8987,Rashaan,
8989,Rashad,
8998,Rashawn,
9004,Rasheed,
9005,Rashida,
9008,Raul,
9010,Raven,
9018,Ray,
25746,Rayan,
25750,Rayburn,
25752,Rayfield,
25753,Rayford,
25757,Raymon,
25769,Raymond,
25771,Raymundo,
25773,Rayna,
25782,Raynard,
25788,Rayne,
25795,Rayshawn,
25797,Reagan,
25805,Reanna,
25825,Reason,
25826,Reatha,
25827,Reba,
25833,Rebeca,
25834,Rebecca,
25841,Rebekah,
25850,Red,
25855,Redden,
25856,Redmond,
25865,Reece,
25870,Reed,
25886,Reese,
25887,Refugio,
25898,Regan,
25905,Regena,
25906,Regenia,
25923,Reggie,
25927,Regina,
25937,Reginal,
25940,Reginald,
25946,Regis,
25947,Reid,
25952,Reilly,
25959,Reina,
25962,Reinaldo,
25963,Reinhold,
25996,Reino,
25999,Rella,
26002,Remington,
26003,Rena,
26038,Renada,
26048,Renae,
26052,Renaldo,
26059,Renard,
26073,Renata,
26078,Rene,
26082,Renea,
26084,Renee,
26085,Renita,
26095,Rennie,
26116,Reno,
26122,Ressie,
26124,Reta,
26131,Retha,
26133,Retta,
26142,Rettie,
26147,Reuben,
26150,Reubin,
26151,Reva,
26152,Rex,
26158,Rexford,
26159,Rey,
26169,Reyes,
26171,Reyna,
26172,Reynaldo,
26176,Reynold,
26183,Reynolds,
26184,Rhea,
26195,Rheta,
26198,Rhett,
26225,Rhianna,
26231,Rhiannon,
26236,Rhoda,
26237,Rhona,
26242,Rhonda,
26249,Rhys,
26258,Rian,
26265,Rianna,
26283,Ricardo,
26285,Ricci,
26303,Rice,
26308,Rich,
26313,Richard,
26317,Richelle,
26322,Richie,
26326,Richmond,
26340,Rick,
26344,Rickey,
26347,Ricki,
26350,Rickie,
26357,Ricky,
26359,Rico,
26365,Ridge,
26366,Rigoberto,
26375,Rihanna,
26386,Rikki,
26391,Riley,
26394,Rilla,
26399,Rillie,
26401,Rinda,
26409,Risa,
26413,Rishi,
26422,Rita,
26429,Ritchie,
26444,River,
26453,Riya,
26464,Rob,
26467,Robb,
26471,Robbie,
26472,Robbin,
26492,Robby,
26498,Robert,
26504,Roberta,
26510,Roberto,
26523,Robin,
26524,Robley,
26527,Robt,
26528,Roby,
26539,Robyn,
26542,Rocco,
26547,Rochelle,
26554,Rocio,
26555,Rock,
26562,Rocky,
26564,Rod,
26567,Roddy,
26578,Roderic,
26585,Roderick,
26587,Rodger,
26590,Rodney,
26593,Rodolfo,
26599,Rodrick,
26603,Rodrigo,
26606,Roe,
26612,Roel,
26614,Roena,
26622,Rogelio,
26629,Roger,
26630,Rogers,
26631,Rohan,
26645,Roland,
26649,Rolanda,
26662,Rolando,
26676,Rolf,
26680,Roll,
26681,Rolla,
26686,Rolland,
26693,Rollie,
26694,Rollin,
26695,Rollo,
26696,Roma,
26700,Romaine,
26701,Roman,
26704,Rome,
26712,Romello,
26713,Romeo,
26717,Romie,
26726,Romona,
26729,Ron,
26732,Rona,
26736,Ronal,
26741,Ronald,
26743,Ronaldo,
26745,Ronan,
26750,Ronda,
26761,Rondal,
26764,Roni,
26765,Ronin,
26776,Ronna,
26777,Ronnie,
26778,Ronny,
26782,Roosevelt,
26791,Rory,
26792,Rosa,
26796,Rosabelle,
26797,Rosalee,
26810,Rosalia,
26812,Rosalie,
26819,Rosalind,
26828,Rosalinda,
26838,Rosaline,
26840,Rosalyn,
26849,Rosamond,
26854,Rosann,
26861,Rosanna,
26865,Rosanne,
26870,Rosaria,
26871,Rosario,
26875,Rosco,
26887,Roscoe,
26900,Rose,
26901,Roseann,
26903,Roseanna,
26913,Roseanne,
26928,Rosella,
26940,Roselyn,
26947,Rosemarie,
26958,Rosemary,
26965,Rosena,
26974,Rosendo,
26985,Rosetta,
26999,Rosevelt,
27002,Rosey,
27003,Rosia,
27006,Rosie,
27008,Rosina,
27020,Rosita,
27022,Roslyn,
27032,Ross,
27036,Rossie,
27074,Roswell,
27075,Rosy,
27105,Rowan,
27124,Rowena,
27134,Rowland,
27140,Roxana,
27155,Roxane,
27156,Roxann,
27176,Roxanna,
27178,Roxanne,
27186,Roxie,
27193,Roxy,
27246,Roy,
27251,Royal,
27255,Royce,
27266,Rozanne,
27306,Rozella,
27311,Rube,
27317,Ruben,
27320,Rubi,
27328,Rubie,
27329,Rubin,
27368,Ruby,
27369,Rubye,
27370,Rudolf,
27373,Rudolfo,
27397,Rudolph,
27408,Rudy,
27416,Rueben,
27420,Ruel,
27426,Ruffin,
27434,Ruffus,
27441,Rufus,
27450,Ruie,
27473,Rupert,
27478,Rush,
27480,Russ,
27482,Russel,
27491,Russell,
27513,Rustin,
27523,Rusty,
27537,Ruth,
27539,Rutha,
27549,Ruthann,
27555,Ruthanne,
27563,Ruthe,
27584,Rutherford,
27592,Ruthie,
27595,Ryan,
27604,Ryann,
27611,Ryder,
27618,Ryker,
27619,Rylan,
27627,Ryland,
27644,Rylee,
27660,Ryleigh,
27664,Ryley,
27667,Rylie,
27674,Ryne,
27683,Sabastian,
27685,Sabina,
27689,Sable,
27692,Sabra,
27695,Sabrina,
27704,Sada,
27705,Sade,
27706,Sadie,
27708,Sadye,
27716,Sage,
27721,Saige,
27722,Saint,
27728,Sal,
27731,Salena,
27741,Salina,
27744,Sallie,
27746,Sally,
27751,Salma,
27762,Salome,
27768,Salomon,
27769,Salvador,
27772,Salvatore,
27773,Sam,
27776,Samantha,
27778,Samara,
27784,Samatha,
27788,Samie,
27790,Samir,
27793,Samira,
27801,Sammie,
27802,Sammy,
27803,Sampson,
27808,Samson,
27815,Samual,
27816,Samuel,
27820,Sanaa,
27821,Sanai,
27822,Sanders,
27826,Sandi,
27829,Sandie,
27830,Sandra,
27831,Sandy,
27834,Sanford,
27837,Saniya,
27838,Saniyah,
27839,Sanjuana,
27846,Sanjuanita,
27850,Sannie,
27865,Santa,
27866,Santana,
27869,Santiago,
27873,Santina,
27878,Santino,
27879,Santo,
27882,Santos,
27899,Sara,
27904,Sarah,
27905,Sarahi,
27912,Sarai,
30707,Sariah,
30745,Sarina,
30749,Sarita,
30793,Sarrah,
30803,Sasha,
30810,Saul,
30812,Saundra,
30816,Savana,
30818,Savanah,
30820,Savanna,
30822,Savannah,
30825,Saverio,
30846,Savilla,
30848,Savion,
30850,Savon,
30883,Sawyer,
30890,Scarlet,
30892,Scarlett,
30894,Schley,
30898,Schuyler,
30994,Scot,
31000,Scott,
31030,Scottie,
31038,Scotty,
31049,Seaborn,
31083,Seamus,
31086,Sean,
31101,Sebastian,
31114,Sebrina,
31116,Sedrick,
31123,Selah,
31150,Seldon,
31162,Selena,
31184,Selene,
31193,Selina,
31221,Selma,
31223,Selmer,
31225,Semaj,
31260,Sena,
31297,Seneca,
31309,Senora,
31364,Serena,
31367,Serenity,
31410,Sergio,
31420,Serina,
31422,Seth,
31424,Severo,
31427,Severt,
31431,Seward,
31433,Seymour,
31435,Shad,
31437,Shade,
31445,Shae,
31522,Shafter,
31545,Shaina,
31553,Shakira,
31590,Shalon,
31610,Shalonda,
31617,Shamar,
31658,Shameka,
31660,Shamika,
31664,Shan,
31685,Shana,
31692,Shanae,
31694,Shanda,
31696,Shandra,
31698,Shane,
31700,Shaneka,
31702,Shanell,
31737,Shanelle,
31804,Shanequa,
31851,Shani,
31867,Shania,
31878,Shanice,
31903,Shaniece,
31909,Shanika,
31921,Shaniqua,
31923,Shanita,
31925,Shaniya,
31952,Shanna,
31973,Shannan,
32009,Shannen,
32011,Shannon,
32017,Shanon,
32019,Shanta,
32022,Shante,
32029,Shantel,
32031,Shantell,
32058,Shaquan,
32060,Shaquana,
32116,Shaquille,
32139,Shaquita,
32160,Shara,
32179,Shardae,
32213,Sharday,
32234,Sharde,
32243,Sharee,
32289,Sharen,
32291,Shari,
32294,Sharif,
32296,Sharita,
32298,Sharla,
32300,Sharleen,
32302,Sharlene,
32314,Sharman,
32371,Sharon,
32387,Sharonda,
32392,Sharron,
32440,Sharyl,
32442,Sharyn,
32456,Shasta,
32460,Shatara,
32469,Shaun,
32511,Shauna,
32515,Shaunna,
32554,Shavon,
32582,Shavonne,
32584,Shawanda,
32587,Shawn,
32589,Shawna,
32596,Shawnda,
32598,Shawnee,
32600,Shawnna,
32620,Shawnte,
32632,Shay,
32649,Shayla,
32657,Shaylee,
32659,Shayna,
32666,Shayne,
32728,Shea,
32743,Shedrick,
32770,Sheena,
32799,Sheila,
32862,Sheilah,
32875,Shelba,
32892,Shelbi,
32898,Shelbie,
32906,Shelby,
32914,Sheldon,
32917,Shelia,
33004,Shelley,
33085,Shelli,
33090,Shellie,
33124,Shelly,
33126,Shelton,
33132,Shelva,
33138,Shelvia,
33145,Shelvie,
33148,Shemar,
33154,Shena,
33158,Shenna,
33162,Shep,
33164,Shepherd,
33166,Sheree,
33171,Sheri,
33188,Sheridan,
33201,Sherie,
33237,Sherilyn,
33294,Sherita,
33310,Sherlyn,
33312,Sherman,
33421,Sheron,
33435,Sherree,
33437,Sherri,
33493,Sherrie,
33495,Sherrill,
33499,Sherron,
33558,Sherry,
33564,Sherryl,
33615,Sherwin,
33629,Sherwood,
33639,Sheryl,
33644,Sheryll,
33646,Sheyla,
33649,Shianne,
33660,Shiela,
33669,Shiloh,
33672,Shira,
33677,Shirl,
33679,Shirlee,
33681,Shirleen,
33683,Shirlene,
33725,Shirley,
33779,Shirleyann,
33781,Shirlie,
33794,Shoji,
33801,Shon,
33815,Shona,
33826,Shonda,
33830,Shonna,
33834,Shreya,
33836,Shyann,
33838,Shyanne,
33880,Shyheim,
33893,Shyla,
33896,Sibbie,
33903,Sibyl,
33966,Sid,
34018,Siddie,
34048,Sidney,
34072,Sie,
34129,Siena,
34143,Sienna,
34148,Sierra,
34150,Sigmund,
34153,Signa,
34162,Signe,
34164,Sigrid,
34271,Sigurd,
34292,Silas,
34312,Silver,
34319,Silvester,
34321,Silvia,
34323,Silvio,
34326,Sim,
34330,Simeon,
34332,Simmie,
34334,Simon,
34336,Simona,
34338,Simone,
34359,Simpson,
34397,Sina,
34405,Sincere,
34437,Sinda,
34450,Sing,
34482,Siobhan,
34520,Sister,
34523,Skip,
34528,Sky,
34530,Skye,
34532,Skyla,
34534,Skylar,
34536,Skyler,
34540,Slade,
34542,Sloane,
34800,Smith,
34811,Socorro,
35015,Sofia,
35347,Sol,
35807,Soledad,
35836,Soloman,
35957,Solomon,
36276,Solon,
36289,Somer,
36363,Sommer,
36397,Son,
36401,Sondra,
36477,Sonia,
36509,Sonja,
36517,Sonji,
36519,Sonny,
36525,Sonya,
36527,Sophia,
36529,Sophie,
36533,Sophronia,
36535,Soren,
36537,Spencer,
36708,Spenser,
36850,Spring,
36931,Spurgeon,
37211,Squire,
37240,Stacey,
37380,Staci,
37382,Stacia,
37384,Stacie,
37386,Stacy,
37444,Stafford,
37475,Stan,
37477,Stanford,
37495,Stanislaus,
37545,Stanley,
37720,Stanton,
37727,Star,
37729,Starla,
37731,Starling,
37733,Starr,
37736,Stasia,
37739,Stefan,
37741,Stefani,
37830,Stefanie,
37844,Stella,
37853,Stephaine,
37857,Stephan,
38038,Stephani,
38061,Stephania,
38095,Stephanie,
38159,Stephany,
38164,Stephen,
38198,Stephenie,
38294,Stephon,
38304,Sterling,
38388,Stetson,
38583,Stevan,
38798,Steve,
38886,Steven,
38992,Stevie,
39183,Steward,
39231,Stewart,
39234,Stone,
39292,Stonewall,
39307,Stoney,
39381,Storm,
39400,Stormy,
39414,Stuart,
39427,Sudie,
39435,Sue,
39444,Suellen,
39446,Sula,
39449,Sullivan,
39516,Summer,
39715,Sumner,
39801,Sunday,
39869,Sunny,
40148,Sunshine,
40278,Susan,
40339,Susana,
40412,Susann,
40414,Susanna,
40478,Susannah,
40491,Susanne,
40578,Susie,
40581,Sussie,
40583,Suzan,
40597,Suzann,
40614,Suzanna,
40617,Suzanne,
40629,Suzette,
40697,Suzie,
40723,Suzy,
40732,Sybil,
40815,Sybilla,
40819,Syble,
40826,Sydell,
40851,Sydnee,
40870,Sydney,
40946,Sydni,
40955,Sydnie,
40959,Syed,
40962,Sylva,
40966,Sylvan,
41014,Sylvania,
41285,Sylvanus,
41527,Sylvester,
41566,Sylvia,
41569,Symone,
41571,Syreeta,
41573,Tab,
41617,Tabatha,
41627,Tabetha,
41712,Tabitha,
41716,Tad,
41724,Taft,
41769,Tahj,
41828,Tai,
41863,Taina,
41997,Taj,
42002,Taja,
42004,Takisha,
42007,Tal,
42009,Talan,
42011,Talen,
42013,Talia,
42015,Taliyah,
42018,Tallie,
42176,Talmadge,
42191,Talmage,
42285,Talon,
42418,Tamala,
42422,Tamara,
42556,Tamatha,
42559,Tambra,
42602,Tameka,
42632,Tamekia,
42638,Tamela,
42718,Tamera,
42723,Tami,
42725,Tamia,
42728,Tamica,
42730,Tamie,
42732,Tamika,
42734,Tamiko,
42738,Tamisha,
42740,Tammi,
42761,Tammie,
42943,Tammy,
42946,Tamra,
43289,Tamya,
43333,Tana,
43376,Tandy,
43396,Tanesha,
43419,Tangela,
43460,Tania,
43549,Tanika,
43556,Tanisha,
43558,Taniya,
43560,Taniyah,
43677,Tanja,
43679,Tanner,
43684,Tanya,
43708,Tara,
43744,Tarah,
43836,Tari,
43869,Tarik,
43871,Tariq,
43904,Tarsha,
43908,Taryn,
43912,Tasha,
43914,Tashina,
43917,Tasia,
43919,Tate,
43921,Tatia,
43928,Tatiana,
43930,Tatianna,
43932,Tatsuo,
43936,Tatum,
44004,Tatyana,
44020,Tatyanna,
44022,Taurean,
44189,Taurus,
44191,Tavares,
44193,Tavaris,
44195,Tavian,
44197,Tavion,
44199,Tavon,
44204,Tawana,
44225,Tawanda,
44238,Tawanna,
44241,Tawny,
44243,Tawnya,
44301,Taya,
44397,Tayla,
44399,Tayler,
44511,Taylor,
44555,Tayshaun,
44597,Tea,
44613,Teagan,
44633,Ted,
44657,Teddie,
44665,Teddy,
44694,Teela,
44709,Teena,
44719,Tegan,
44731,Tella,
44759,Telly,
44761,Tempie,
44773,Tena,
44777,Tenika,
44788,Tenisha,
44828,Tennessee,
44840,Tennie,
44849,Tennille,
44851,Tera,
44864,Terance,
44889,Terell,
44929,Terence,
44931,Teresa,
44937,Terese,
44943,Teressa,
44972,Teri,
44974,Terra,
45028,Terrance,
45062,Terrell,
45074,Terrence,
45081,Terri,
45106,Terrie,
45175,Terrill,
45183,Terry,
45186,Tess,
45208,Tessa,
45210,Tessie,
45221,Tevin,
45361,Tex,
45382,Texanna,
45431,Texas,
45440,Texie,
45442,Thad,
45447,Thaddeus,
45499,Thalia,
45501,Thea,
45503,Theadore,
45517,Theda,
45635,Thedore,
45648,Thekla,
45658,Thelma,
45662,Theo,
45666,Theodis,
45668,Theodocia,
45672,Theodora,
45720,Theodore,
45722,Theodosia,
45726,Theola,
45728,Theophile,
45730,Theresa,
45732,Therese,
45880,Theresia,
45928,Therman,
45950,Theron,
45969,Theta,
46062,Thomas,
46105,Thomasina,
46231,Thompson,
46322,Thor,
46335,Thora,
46337,Thornton,
46347,Thorwald,
46367,Thos,
46530,Thresa,
46559,Thurlow,
46572,Thurman,
46574,Thursa,
46578,Thurston,
46664,Thyra,
46723,Tia,
46772,Tiana,
46850,Tianna,
46855,Tiara,
46862,Tiarra,
46865,Tiera,
46948,Tierra,
46965,Tiesha,
46967,Tiffani,
46970,Tiffanie,
46972,Tiffany,
46974,Tilda,
46976,Tilden,
47044,Tilla,
47099,Tillie,
47122,Tillman,
47124,Tilman,
47200,Tim,
47202,Timmie,
47254,Timmothy,
47261,Timmy,
47382,Timothy,
47384,Tina,
47404,Tiney,
47423,Tinie,
47446,Tinnie,
47465,Tiny,
47491,Tisa,
47516,Tisha,
47518,Tishie,
47538,Tito,
47566,Titus,
47610,Tobe,
47629,Tobi,
47640,Tobias,
47644,Tobie,
47646,Tobin,
47721,Toby,
47725,Toccara,
47736,Tod,
47774,Todd,
47793,Toivo,
47810,Tolbert,
47894,Tollie,
47937,Tom,
47950,Toma,
47952,Tomas,
47970,Tomasa,
47978,Tomeka,
47997,Tomie,
47999,Tomika,
48001,Tommie,
48032,Tommy,
48043,Tonda,
48045,Toney,
48082,Toni,
48142,Tonia,
48150,Tonja,
48161,Tony,
48214,Tonya,
48262,Torey,
48304,Tori,
48319,Toriano,
48322,Torie,
48326,Torrance,
48342,Torrence,
48385,Torrey,
48394,Torrie,
48412,Torry,
48414,Tory,
48416,Tosha,
48516,Toshiko,
48518,Toshio,
48520,Towanda,
48560,Toy,
48593,Toya,
48596,Trace,
48598,Tracee,
48638,Tracey,
48649,Traci,
48678,Tracie,
48696,Tracy,
48698,Trae,
48738,Travis,
48741,Travon,
48744,Trayvon,
48774,Tre,
48780,Treasure,
48783,Treena,
48872,Tremaine,
48877,Tremayne,
48879,Trena,
48883,Trent,
48982,Trenten,
48997,Trenton,
49013,Tresa,
49110,Tressa,
49130,Tressie,
49132,Treva,
49220,Trever,
49263,Trevin,
49265,Trevion,
49272,Trevon,
49274,Trevor,
49276,Trey,
49278,Treyton,
49280,Treyvon,
49284,Tricia,
49286,Trilby,
49314,Trina,
49347,Trinidad,
49389,Trinity,
49396,Tripp,
49524,Trish,
49530,Trisha,
49647,Trista,
49649,Tristan,
49651,Tristen,
49666,Tristian,
49688,Tristin,
49735,Triston,
49772,Troy,
49793,Trudi,
49822,Trudie,
49824,Trudy,
49910,True,
49917,Trula,
49932,Trumaine,
49957,Truman,
49961,Trystan,
50003,Tuan,
50005,Tucker,
50064,Tula,
50068,Turner,
50147,Twila,
50158,Twyla,
50160,Ty,
50189,Tye,
50274,Tyesha,
50354,Tyler,
50356,Tylor,
50440,Tyquan,
50442,Tyra,
50445,Tyree,
50514,Tyreek,
50601,Tyreese,
50610,Tyrek,
50613,Tyreke,
50658,Tyrel,
50685,Tyrell,
50740,Tyrese,
50792,Tyrik,
50794,Tyrin,
50796,Tyriq,
50798,Tyrique,
50800,Tyron,
50802,Tyrone,
50804,Tyrus,
50806,Tyshawn,
50842,Tyson,
50851,Ula,
50872,Ulises,
50912,Ulysses,
50923,Una,
50942,Unique,
50954,Unknown,
50999,Unnamed,
51024,Ura,
51037,Urban,
51077,Uriah,
51080,Uriel,
51082,Urijah,
51084,Ursula,
51086,Vada,
51088,Val,
51091,Valarie,
51167,Valencia,
51174,Valentin,
51255,Valentina,
51314,Valentine,
51357,Valentino,
51412,Valeria,
51471,Valerie,
51498,Valery,
51540,Valinda,
51545,Vallie,
51562,Valorie,
51573,Van,
51575,Vance,
51662,Vander,
51666,Vanesa,
51694,Vanessa,
51698,Vannie,
51705,Vara,
51709,Vashon,
51834,Vashti,
51884,Vassie,
51903,Vaughn,
51925,Veda,
51927,Vela,
51931,Velda,
51933,Velia,
51935,Vella,
51937,Velma,
51939,Velva,
52042,Velvet,
52241,Vena,
52245,Venessa,
52279,Venice,
52281,Venie,
52283,Venita,
52287,Vennie,
52299,Venus,
52319,Veola,
52328,Vera,
52375,Verda,
52435,Verdell,
52458,Verdie,
52462,Vere,
52579,Verena,
52604,Vergie,
52644,Vergil,
52668,Verl,
52694,Verla,
52712,Verle,
52715,Verlene,
52722,Verlie,
52724,Verlin,
52730,Verlon,
52767,Verlyn,
52784,Vern,
52831,Verna,
52867,Vernal,
52885,Verne,
52950,Vernell,
52952,Vernelle,
52967,Verner,
52973,Vernetta,
52975,Vernia,
53000,Vernice,
53022,Vernie,
53024,Vernita,
53121,Vernon,
53123,Verona,
53125,Veronica,
53127,Versa,
53129,Versie,
53138,Vertie,
53140,Vessie,
53143,Vesta,
53161,Vester,
53280,Veta,
53318,Veva,
53322,Vic,
53326,Vicente,
53355,Vicie,
53435,Vick,
53447,Vickey,
53450,Vicki,
53453,Vickie,
53460,Vicky,
53464,Victor,
53466,Victoria,
53468,Victoriano,
53519,Victorine,
53550,Victory,
53574,Vicy,
53578,Vida,
53808,Vidal,
53883,Vikki,
53894,Villa,
53921,Vilma,
53953,Vina,
53956,Vince,
53972,Vincent,
53974,Vincenza,
53993,Vincenzo,
53996,Viney,
54001,Vinie,
54004,Vinnie,
54116,Vinson,
54121,Vinton,
54185,Viola,
54190,Violet,
54256,Violeta,
54259,Violetta,
54272,Violette,
54274,Vira,
54276,Virdie,
54281,Virge,
54286,Virgel,
54354,Virgia,
54372,Virgie,
54503,Virgil,
54617,Virginia,
54648,Virgle,
54686,Viridiana,
54732,Vita,
54734,Vito,
54736,Viva,
54745,Vivian,
54768,Viviana,
54771,Vivien,
54780,Vivienne,
54785,Vlasta,
54787,Vollie,
54796,Volney,
54881,Von,
54908,Vonda,
54910,Vonetta,
54934,Vonnie,
54962,Wade,
54995,Waino,
54997,Waldemar,
54999,Waldo,
55020,Walker,
55036,Wallace,
55052,Wally,
55061,Walt,
55067,Walter,
55069,Walton,
55071,Wanda,
55080,Waneta,
55094,Wanita,
55110,Ward,
55112,Wardell,
55116,Warner,
55118,Warren,
55156,Wash,
55167,Washington,
55190,Watson,
55205,Watt,
55207,Wava,
55232,Waverly,
55241,Wayde,
55245,Wayland,
55247,Waylon,
55250,Wayman,
55253,Waymon,
55259,Wayne,
55261,Weaver,
55267,Webb,
55269,Webster,
55272,Weldon,
55274,Wellington,
55276,Wells,
55278,Welton,
55280,Wende,
55282,Wendel,
55290,Wendell,
55292,Wendi,
55294,Wendy,
55363,Wenzel,
55391,Werner,
55442,Wes,
55444,Wesley,
55451,Wess,
55492,West,
55553,Westley,
55555,Weston,
55577,Wheeler,
55620,Whit,
55687,Whitley,
55721,Whitney,
55729,Wilber,
55765,Wilbert,
55768,Wilbur,
55805,Wilburn,
55814,Wilda,
55820,Wiley,
55830,Wilford,
55844,Wilfred,
55854,Wilfredo,
55872,Wilfrid,
55908,Wilhelm,
55946,Wilhelmina,
55995,Wilhelmine,
56003,Wiliam,
56012,Wilkie,
56022,Will,
56060,Willa,
56145,Willaim,
56152,Willam,
56156,Willard,
56169,Willene,
56171,Willia,
56174,William,
56176,Williams,
56251,Willian,
56274,Williard,
56286,Willie,
56333,Williemae,
56336,Willis,
56339,Willodean,
56367,Willow,
56379,Willy,
56389,Wilma,
56563,Wilmer,
56587,Wilson,
56607,Wilton,
56620,Windell,
56715,Windy,
56757,Winfield,
56775,Winford,
56782,Winfred,
56788,Wing,
56801,Winifred,
56805,Winnie,
56837,Winnifred,
56869,Winona,
56908,Winston,
56915,Winter,
56921,Winthrop,
56941,Winton,
56949,Wirt,
57147,Wm,
57183,Wong,
57243,Wood,
57274,Woodie,
57326,Woodroe,
57368,Woodrow,
57421,Woodson,
57499,Woody,
57502,Worley,
57504,Worth,
57522,Wright,
57526,Wyatt,
57528,Wylie,
57532,Wyman,
57536,Wynona,
57637,Xander,
57640,Xavier,
57669,Xena,
57772,Ximena,
57843,Xiomara,
57910,Xzavier,
57951,Yaakov,
58025,Yadiel,
58047,Yadira,
58078,Yael,
58103,Yahaira,
58105,Yahir,
58107,Yair,
58154,Yajaira,
58156,Yamilet,
58162,Yamilex,
58191,Yancy,
58287,Yandel,
58291,Yareli,
58293,Yaretzi,
58295,Yaritza,
58297,Yasmeen,
58299,Yasmin,
58301,Yasmine,
58303,Yazmin,
58306,Yee,
58309,Yehuda,
58315,Yesenia,
58332,Yessenia,
58347,Yetta,
58351,Yoel,
58376,Yolanda,
58404,Yolonda,
58425,York,
58492,Yosef,
58554,Yoselin,
58559,Yoshiko,
58627,Yoshio,
58655,Young,
58783,Yuliana,
58803,Yulisa,
58806,Yulissa,
58826,Yurem,
58839,Yuridia,
58842,Yusuf,
58870,Yvette,
58876,Yvonne,
58879,Zachariah,
58964,Zachary,
58972,Zachery,
58975,Zack,
58998,Zackary,
59014,Zackery,
59016,Zada,
59018,Zadie,
59022,Zaid,
59026,Zaida,
59037,Zaiden,
59103,Zain,
59118,Zaire,
59126,Zakary,
59129,Zana,
59131,Zander,
59141,Zandra,
59143,Zane,
59220,Zaniyah,
59258,Zara,
59295,Zaria,
59306,Zariah,
59315,Zavier,
59333,Zayden,
59336,Zayne,
59369,Zeb,
59387,Zebulon,
59421,Zechariah,
59429,Zed,
59440,Zeke,
59501,Zela,
59549,Zelda,
59604,Zelia,
59615,Zella,
59667,Zelma,
59725,Zelpha,
59727,Zena,
59731,Zenas,
59738,Zeno,
59784,Zenobia,
59810,Zeta,
59814,Zetta,
59900,Zettie,
59915,Zhane,
59947,Zigmund,
59985,Zillah,
59995,Zilpah,
60030,Zilpha,
60037,Zina,
60040,Zion,
60046,Zita,
60069,Zoa,
60072,Zoe,
60074,Zoey,
60126,Zoie,
60128,Zola,
60141,Zollie,
60161,Zona,
60289,Zora,
60291,Zula,
,,
,,
,,
,,
,,
,,
,,
,,
,,
,,
,,
,,
,,
,,
,,
,,
,,
,,
,,
,,
,,
,,
,,
,,
,,
,,
,,
,,
,,
,,
,,
,,
,,
,,
,,
,,
,,
,,
,,
,,
,,
,,
,,
,,
,,
,,
,,
,,
,,
,,
,,
,,
,,
,,
,,
,,
,,
,,
,,
,,
,,
,,
,,
,,
,,
,,
,,
,,
,,
,,
,,
,,
,,
,,
,,
,,
,,
,,
,,
,,
,,
,,
,,
,,
,,
,,
,,
,,
,,
,,
,,
,,
,,
,,
,,
,,
,,
,,
,,
,,
,,
,,
,,
,,
,,
,,
,,
,,
,,
,,
,,
,,
,,
,,
,,
,,
,,
,,
,,
,,
,,
,,
,,
,,
,,
,,
,,
,,
,,
,,
,,
,,
,,
,,
,,
,,
,,
,,
,,
,,
,,
,,
,,
,,
,,
,,
,,
,,
,,
,,
,,
,,
,,
,,
,,
,,
,,
,,
,,
,,
,,
,,
,,
,,
,,
,,
,,
,,
,,
,,
,,
,,
,,
,,
,,
,,
,,
,,
,,
,,
,,
,,
,,
,,
,,
,,
,,
,,
,,
,,
,,
,,
,,
,,
,,
,,
,,
,,
,,
,,
,,
,,
,,
,,
,,
,,
,,
,,
,,
,,
,,
,,
,,
,,
,,
,,
,,
,,
,,
,,
,,
,,
,,
,,
,,
,,
,,
,,
,,
,,
,,
,,
,,
,,
,,
,,
,,
,,
,,
,,
,,
,,
,,
,,
,,
,,
,,
,,
,,
,,
,,
,,
,,
,,
,,
,,
,,
,,
,,
,,
,,
,,
,,
,,
,,
,,
,,
,,
,,
,,
,,
,,
,,
,,
,,
,,
,,
,,
,,
,,
,,
,,
,,
,,
,,
,,
,,
,,
,,
,,
,,
,,
,,
,,
,,
,,
,,
,,
,,
,,
,,
,,
,,
,,
,,
,,
,,
,,
,,
,,
,,
,,
,,
,,
,,
,,
,,
,,
,,
,,
,,
,,
,,
,,
,,
,,
,,
,,
,,
,,
,,
,,
,,
,,
,,
,,
,,
,,
,,
,,
,,
,,
,,
,,
,,
,,
,,
,,
,,
,,
,,
,,
,,
,,
,,
,,
,,
,,
,,
,,
,,
,,
,,
,,
,,
,,
,,
,,
,,
,,
,,
,,
,,
,,
,,
,,
,,
,,
,,
,,
,,
,,
,,
,,
,,
,,
,,
,,
,,
,,
,,
,,
,,
,,
,,
,,
,,
,,
,,
,,
,,
,,
,,
,,
,,
,,
,,
,,
,,
,,
,,
,,
,,
,,
,,
,,
,,
,,
,,
,,
,,
,,
,,
,,
,,
,,
,,
,,
,,
,,
,,
,,
,,
,,
,,
,,
,,
,,
,,
,,
,,
,,
,,
,,
,,
,,
,,
,,
,,
,,
,,
,,
,,
,,
,,
,,
,,
,,
,,
,,
,,
,,
,,
,,
,,
,,
,,
,,
,,
,,
,,
,,
,,
,,
,,
,,
,,
,,
,,
,,
,,
,,
,,
,,
,,
,,
,,
,,
,,
,,
,,
,,
,,
,,
,,
,,
,,
,,
,,
,,
,,
,,
,,
,,
,,
,,
,,
,,
,,
,,
,,
,,
,,
,,
,,
,,
,,
,,
,,
,,
,,
,,
,,
,,
,,
,,
,,
,,
,,
,,
,,
,,
,,
,,
,,
,,
,,
,,
,,
,,
,,
,,
,,
,,
,,
,,
,,
,,
,,
,,
,,
,,
,,
,,
,,
,,
,,
,,
,,
,,
,,
,,
,,
,,
,,
,,
,,
,,
,,
,,
,,
,,
,,
,,
,,
,,
,,
,,
,,
,,
,,
,,
,,
,,
,,
,,
,,
,,
,,
,,
,,
,,
,,
,,
,,
,,
,,
,,
,,
,,
,,
,,
,,
,,
,,
,,
,,
,,
,,
,,
,,
,,
,,
,,
,,
,,
,,
,,
,,
,,
,,
,,
,,
,,
,,
,,
,,
,,
,,
,,
,,
,,
,,
,,
,,
,,
,,
,,
,,
,,
,,
,,
,,
,,
,,
,,
,,
,,
,,
,,
,,
,,
,,
,,
,,
,,
,,
,,
,,
,,
,,
,,
,,
,,
,,
,,
,,
,,
,,
,,
,,
,,
,,
,,
,,
,,
,,
,,
,,
,,
,,
,,
,,
,,
,,
,,
,,
,,
,,
,,
,,
,,
,,
,,
,,
,,
,,
,,
,,
,,
,,
,,
,,
,,
,,
,,
,,
,,
,,
,,
,,
,,
,,
,,
,,
,,
,,
,,
,,
,,
,,
,,
,,
,,
,,
,,
,,
,,
,,
,,
,,
,,
,,
,,
,,
,,
,,
,,
,,
,,
,,
,,
,,
,,
,,
,,
,,
,,
,,
,,
,,
,,
,,
,,
,,
,,
,,
,,
,,
,,
,,
,,
,,
,,
,,
,,
,,
,,
,,
,,
,,
,,
,,
,,
,,
,,
,,
,,
,,
,,
,,
,,
,,
,,
,,
,,
,,
,,
,,
,,
,,
,,
,,
,,
,,
,,
,,
,,
,,
,,
,,
,,
,,
,,
,,
,,
,,
,,
,,
,,
,,
,,
,,
,,
,,
,,
,,
,,
,,
,,
,,
,,
,,
,,
,,
,,
,,
,,
,,
,,
,,
,,
,,
,,
,,
,,
,,
,,
,,
,,
,,
,,
,,
,,
,,
,,
,,
,,
,,
,,
,,
,,
,,
,,
,,
,,
,,
,,
,,
,,
,,
,,
,,
,,
,,
,,
,,
,,
,,
,,
,,
,,
,,
,,
,,
,,
,,
,,
,,
,,
,,
,,
,,
,,
,,
,,
,,
,,
,,
,,
,,
,,
,,
,,
,,
,,
,,
,,
,,
,,
,,
,,
,,
,,
,,
,,
,,
,,
,,
,,
,,
,,
,,
,,
,,
,,
,,
,,
,,
,,
,,
,,
,,
,,
,,
,,
,,
,,
,,
,,
,,
,,
,,
,,
,,
,,
,,
,,
,,
,,
,,
,,
,,
,,
,,
,,
,,
,,
,,
,,
,,
,,
,,
,,
,,
,,
,,
,,
,,
,,
,,
,,
,,
,,
,,
,,
,,
,,
,,
,,
,,
,,
,,
,,
,,
,,
,,
,,
,,
,,
,,
,,
,,
,,
,,
,,
,,
,,
,,
,,
,,
,,
,,
,,
,,
,,
,,
,,
,,
,,
,,
,,
,,
,,
,,
,,
,,
,,
,,
,,
,,
,,
,,
,,
,,
,,
,,
,,
,,
,,
,,
,,
,,
,,
,,
,,
,,
,,
,,
,,
,,
,,
,,
,,
,,
,,
,,
,,
,,
,,
,,
,,
,,
,,
,,
,,
,,
,,
,,
,,
,,
,,
,,
,,
,,
,,
,,
,,
,,
,,
,,
,,
,,
,,
,,
,,
,,
,,
,,
,,
,,
,,
,,
,,
,,
,,
,,
,,
,,
,,
,,
,,
,,
,,
,,
,,
,,
,,
,,
,,
,,
,,
,,
,,
,,
,,
,,
,,
,,
,,
,,
,,
,,
,,
,,
,,
,,
,,
,,
,,
,,
,,
,,
,,
,,
,,
,,
,,
,,
,,
,,
,,
,,
,,
,,
,,
,,
,,
,,
,,
,,
,,
,,
,,
,,
,,
,,
,,
,,
,,
,,
,,
,,
,,
,,
,,
,,
,,
,,
,,
,,
,,
,,
,,
,,
,,
,,
,,
,,
,,
,,
,,
,,
,,
,,
,,
,,
,,
,,
,,
,,
,,
,,
,,
,,
,,
,,
,,
,,
,,
,,
,,
,,
,,
,,
,,
,,
,,
,,
,,
,,
,,
,,
,,
,,
,,
,,
,,
,,
,,
,,
,,
,,
,,
,,
,,
,,
,,
,,
,,
,,
,,
,,
,,
,,
,,
,,
,,
,,
,,
,,
,,
,,
,,
,,
,,
,,
,,
,,
,,
,,
,,
,,
,,
,,
,,
,,
,,
,,
,,
,,
,,
,,
,,
,,
,,
,,
,,
,,
,,
,,
,,
,,
,,
,,
,,
,,
,,
,,
,,
,,
,,
,,
,,
,,
,,
,,
,,
,,
,,
,,
,,
,,
,,
,,
,,
,,
,,
,,
,,
,,
,,
,,
,,
,,
,,
,,
,,
,,
,,
,,
,,
,,
,,
,,
,,
,,
,,
,,
,,
,,
,,
,,
,,
,,
,,
,,
,,
,,
,,
,,
,,
,,
,,
,,
,,
,,
,,
,,
,,
,,
,,
,,
,,
,,
,,
,,
,,
,,
,,
,,
,,
,,
,,
,,
,,
,,
,,
,,
,,
,,
,,
,,
,,
,,
,,
,,
,,
,,
,,
,,
,,
,,
,,
,,
,,
,,
,,
,,
,,
,,
,,
,,
,,
,,
,,
,,
,,
,,
,,
,,
,,
,,
,,
,,
,,
,,
,,
,,
,,
,,
,,
,,
,,
,,
,,
,,
,,
,,
,,
,,
,,
,,
,,
,,
,,
,,
,,
,,
,,
,,
,,
,,
,,
,,
,,
,,
,,
,,
,,
,,
,,
,,
,,
,,
,,
,,
,,
,,
,,
,,
,,
,,
,,
,,
,,
,,
,,
,,
,,
,,
,,
,,
,,
,,
,,
,,
,,
,,
,,
,,
,,
,,
,,
,,
,,
,,
,,
,,
,,
,,
,,
,,
,,
,,
,,
,,
,,
,,
,,
,,
,,
,,
,,
,,
,,
,,
,,
,,
,,
,,
,,
,,
,,
,,
,,
,,
,,
,,
,,
,,
,,
,,
,,
,,
,,
,,
,,
,,
,,
,,
,,
,,
,,
,,
,,
,,
,,
,,
,,
,,
,,
,,
,,
,,
,,
,,
,,
,,
,,
,,
,,
,,
,,
,,
,,
,,
,,
,,
,,
,,
,,
,,
,,
,,
,,
,,
,,
,,
,,
,,
,,
,,
,,
,,
,,
,,
,,
,,
,,
,,
,,
,,
,,
,,
,,
,,
,,
,,
,,
,,
,,
,,
,,
,,
,,
,,
,,
,,
,,
,,
,,
,,
,,
,,
,,
,,
,,
,,
,,
,,
,,
,,
,,
,,
,,
,,
,,
,,
,,
,,
,,
,,
,,
,,
,,
,,
,,
,,
,,
,,
,,
,,
,,
,,
,,
,,
,,
,,
,,
,,
,,
,,
,,
,,
,,
,,
,,
,,
,,
,,
,,
,,
,,
,,
,,
,,
,,
,,
,,
,,
,,
,,
,,
,,
,,
,,
,,
,,
,,
,,
,,
,,
,,
,,
,,
,,
,,
,,
,,
,,
,,
,,
,,
,,
,,
,,
,,
,,
,,
,,
,,
,,
,,
,,
,,
,,
,,
,,
,,
,,
,,
,,
,,
,,
,,
,,
,,
,,
,,
,,
,,
,,
,,
,,
,,
,,
,,
,,
,,
,,
,,
,,
,,
,,
,,
,,
,,
,,
,,
,,
,,
,,
,,
,,
,,
,,
,,
,,
,,
,,
,,
,,
,,
,,
,,
,,
,,
,,
,,
,,
,,
,,
,,
,,
,,
,,
,,
,,
,,
,,
,,
,,
,,
,,
,,
,,
,,
,,
,,
,,
,,
,,
,,
,,
,,
,,
,,
,,
,,
,,
,,
,,
,,
,,
,,
,,
,,
,,
,,
,,
,,
,,
,,
,,
,,
,,
,,
,,
,,
,,
,,
,,
,,
,,
,,
,,
,,
,,
,,
,,
,,
,,
,,
,,
,,
,,
,,
,,
,,
,,
,,
,,
,,
,,
,,
,,
,,
,,
,,
,,
,,
,,
,,
,,
,,
,,
,,
,,
,,
,,
,,
,,
,,
,,
,,
,,
,,
,,
,,
,,
,,
,,
,,
,,
,,
,,
,,
,,
,,
,,
,,
,,
,,
,,
,,
,,
,,
,,
,,
,,
,,
,,
,,
,,
,,
,,
,,
,,
,,
,,
,,
,,
,,
,,
,,
,,
,,
,,
,,
,,
,,
,,
,,
,,
,,
,,
,,
,,
,,
,,
,,
,,
,,
,,
,,
,,
,,
,,
,,
,,
,,
,,
,,
,,
,,
,,
,,
,,
,,
,,
,,
,,
,,
,,
,,
,,
,,
,,
,,
,,
,,
,,
,,
,,
,,
,,
,,
,,
,,
,,
,,
,,
,,
,,
,,
,,
,,
,,
,,
,,
,,
,,
,,
,,
,,
,,
,,
,,
,,
,,
,,
,,
,,
,,
,,
,,
,,
,,
,,
,,
,,
,,
,,
,,
,,
,,
,,
,,
,,
,,
,,
,,
,,
,,
,,
,,
,,
,,
,,
,,
,,
,,
,,
,,
,,
,,
,,
,,
,,
,,
,,
,,
,,
,,
,,
,,
,,
,,
,,
,,
,,
,,
,,
,,
,,
,,
,,
,,
,,
,,
,,
,,
,,
,,
,,
,,
,,
,,
,,
,,
,,
,,
,,
,,
,,
,,
,,
,,
,,
,,
,,
,,
,,
,,
,,
,,
,,
,,
,,
,,
,,
,,
,,
,,
,,
,,
,,
,,
,,
,,
,,
,,
,,
,,
,,
,,
,,
,,
,,
,,
,,
,,
,,
,,
,,
,,
,,
,,
,,
,,
,,
,,
,,
,,
,,
,,
,,
,,
,,
,,
,,
,,
,,
,,
,,
,,
,,
,,
,,
,,
,,
,,
,,
,,
,,
,,
,,
,,
,,
,,
,,
,,
,,
,,
,,
,,
,,
,,
,,
,,
,,
,,
,,
,,
,,
,,
,,
,,
,,
,,
,,
,,
,,
,,
,,
,,
,,
,,
,,
,,
,,
,,
,,
,,
,,
,,
,,
,,
,,
,,
,,
,,
,,
,,
,,
,,
,,
,,
,,
,,
,,
,,
,,
,,
,,
,,
,,
,,
,,
,,
,,
,,
,,
,,
,,
,,
,,
,,
,,
,,
,,
,,
,,
,,
,,
,,
,,
,,
,,
,,
,,
,,
,,
,,
,,
,,
,,
,,
,,
,,
,,
,,
,,
,,
,,
,,
,,
,,
,,
,,
,,
,,
,,
,,
,,
,,
,,
,,
,,
,,
,,
,,
,,
,,
,,
,,
,,
,,
,,
,,
,,
,,
,,
,,
,,
,,
,,
,,
,,
,,
,,
,,
,,
,,
,,
,,
,,
,,
,,
,,
,,
,,
,,
,,
,,
,,
,,
,,
,,
,,
,,
,,
,,
,,
,,
,,
,,
,,
,,
,,
,,
,,
,,
,,
,,
,,
,,
,,
,,
,,
,,
,,
,,
,,
,,
,,
,,
,,
,,
,,
,,
,,
,,
,,
,,
,,
,,
,,
,,
,,
,,
,,
,,
,,
,,
,,
,,
,,
,,
,,
,,
,,
,,
,,
,,
,,
,,
,,
,,
,,
,,
,,
,,
,,
,,
,,
,,
,,
,,
,,
,,
,,
,,
,,
,,
,,
,,
,,
,,
,,
,,
,,
,,
,,
,,
,,
,,
,,
,,
,,
,,
,,
,,
,,
,,
,,
,,
,,
,,
,,
,,
,,
,,
,,
,,
,,
,,
,,
,,
,,
,,
,,
,,
,,
,,
,,
,,
,,
,,
,,
,,
,,
,,
,,
,,
,,
,,
,,
,,
,,
,,
,,
,,
,,
,,
,,
,,
,,
,,
,,
,,
,,
,,
,,
,,
,,
,,
,,
,,
,,
,,
,,
,,
,,
,,
,,
,,
,,
,,
,,
,,
,,
,,
,,
,,
,,
,,
,,
,,
,,
,,
,,
,,
,,
,,
,,
,,
,,
,,
,,
,,
,,
,,
,,
,,
,,
,,
,,
,,
,,
,,
,,
,,
,,
,,
,,
,,
,,
,,
,,
,,
,,
,,
,,
,,
,,
,,
,,
,,
,,
,,
,,
,,
,,
,,
,,
,,
,,
,,
,,
,,
,,
,,
,,
,,
,,
,,
,,
,,
,,
,,
,,
,,
,,
,,
,,
,,
,,
,,
,,
,,
,,
,,
,,
,,
,,
,,
,,
,,
,,
,,
,,
,,
,,
,,
,,
,,
,,
,,
,,
,,
,,
,,
,,
,,
,,
,,
,,
,,
,,
,,
,,
,,
,,
,,
,,
,,
,,
,,
,,
,,
,,
,,
,,
,,
,,
,,
,,
,,
,,
,,
,,
,,
,,
,,
,,
,,
,,
,,
,,
,,
,,
,,
,,
,,
,,
,,
,,
,,
,,
,,
,,
,,
,,
,,
,,
,,
,,
,,
,,
,,
,,
,,
,,
,,
,,
,,
,,
,,
,,
,,
,,
,,
,,
,,
,,
,,
,,
,,
,,
,,
,,
,,
,,
,,
,,
,,
,,
,,
,,
,,
,,
,,
,,
,,
,,
,,
,,
,,
,,
,,
,,
,,
,,
,,
,,
,,
,,
,,
,,
,,
,,
,,
,,
,,
,,
,,
,,
,,
,,
,,
,,
,,
,,
,,
,,
,,
,,
,,
,,
,,
,,
,,
,,
,,
,,
,,
,,
,,
,,
,,
,,
,,
,,
,,
,,
,,
,,
,,
,,
,,
,,
,,
,,
,,
,,
,,
,,
,,
,,
,,
,,
,,
,,
,,
,,
,,
,,
,,
,,
,,
,,
,,
,,
,,
,,
,,
,,
,,
,,
,,
,,
,,
,,
,,
,,
,,
,,
,,
,,
,,
,,
,,
,,
,,
,,
,,
,,
,,
,,
,,
,,
,,
,,
,,
,,
,,
,,
,,
,,
,,
,,
,,
,,
,,
,,
,,
,,
,,
,,
,,
,,
,,
,,
,,
,,
,,
,,
,,
,,
,,
,,
,,
,,
,,
,,
,,
,,
,,
,,
,,
,,
,,
,,
,,
,,
,,
,,
,,
,,
,,
,,
,,
,,
,,
,,
,,
,,
,,
,,
,,
,,
,,
,,
,,
,,
,,
,,
,,
,,
,,
,,
,,
,,
,,
,,
,,
,,
,,
,,
,,
,,
,,
,,
,,
,,
,,
,,
,,
,,
,,
,,
,,
,,
,,
,,
,,
,,
,,
,,
,,
,,
,,
,,
,,
,,
,,
,,
,,
,,
,,
,,
,,
,,
,,
,,
,,
,,
,,
,,
,,
,,
,,
,,
,,
,,
,,
,,
,,
,,
,,
,,
,,
,,
,,
,,
,,
,,
,,
,,
,,
,,
,,
,,
,,
,,
,,
,,
,,
,,
,,
,,
,,
,,
,,
,,
,,
,,
,,
,,
,,
,,
,,
,,
,,
,,
,,
,,
,,
,,
,,
,,
,,
,,
,,
,,
,,
,,
,,
,,
,,
,,
,,
,,
,,
,,
,,
,,
,,
,,
,,
,,
,,
,,
,,
,,
,,
,,
,,
,,
,,
,,
,,
,,
,,
,,
,,
,,
,,
,,
,,
,,
,,
,,
,,
,,
,,
,,
,,
,,
,,
,,
,,
,,
,,
,,
,,
,,
,,
,,
,,
,,
,,
,,
,,
,,
,,
,,
,,
,,
,,
,,
,,
,,
,,
,,
,,
,,
,,
,,
,,
,,
,,
,,
,,
,,
,,
,,
,,
,,
,,
,,
,,
,,
,,
,,
,,
,,
,,
,,
,,
,,
,,
,,
,,
,,
,,
,,
,,
,,
